2023-01-27T20:38:18.248Z,60.2372,-138.2327,9.2,3.5
2023-01-27T20:25:27.038Z,10.7145,125.4476,69.238,5.4
2023-01-27T18:55:57.550Z,51.5054,-175.733,32.5,3.9
2023-01-27T18:35:55.022Z,52.2487,-170.417,28.1,3.6
2023-01-27T18:18:41.778Z,62.979,-150.5749,95.6,2.5
2023-01-27T18:18:00.454Z,-2.8446,129.6184,20.664,4.7
2023-01-27T17:09:00.233Z,56.4961,-152.1692,7.3,2.5
2023-01-27T16:47:48.460Z,19.24283409,-155.404007,30.87000084,2.47
2023-01-27T16:37:39.419Z,-23.7222,-179.4605,525.778,4.6
2023-01-27T16:34:56.920Z,18.12416667,-67.03166667,13.97,3.02
2023-01-27T16:33:28.276Z,-23.3301,-179.8864,528.172,4.5
2023-01-27T15:39:49.730Z,19.6534996,-155.9646606,23.71999931,2.75
2023-01-27T15:13:22.160Z,35.7368333,-117.6218333,10.27,2.59
2023-01-27T14:37:44.850Z,19.26683333,-66.69066667,83.01,3.25
2023-01-27T11:06:54.630Z,18.7795,-64.3253,33,4.6
2023-01-27T10:56:36.558Z,-19.7378,-69.2278,118.092,4.3
2023-01-27T10:51:18.438Z,-16.5691,-69.7504,195.543,4.5
2023-01-27T10:28:22.080Z,40.588,-124.1238333,17.1,3.23
2023-01-27T09:36:37.331Z,30.5496,50.3913,10,4.4
2023-01-27T08:22:30.431Z,40.3749,-127.1251,10,3.3
2023-01-27T07:12:04.610Z,1.6595,99.459,174.233,4.3
2023-01-27T05:29:21.314Z,-49.5504,117.4545,10,5
2023-01-27T04:47:14.290Z,31.73685144,-104.1109004,6.915661621,2.9
2023-01-27T04:34:38.938Z,5.0199,-76.2029,103.42,4.5
2023-01-27T04:24:06.489Z,2.5703,95.8843,27.512,4.3
2023-01-27T03:49:40.180Z,8.9232,-82.8946,10.558,3.4
2023-01-27T03:49:35.280Z,19.0359993,-155.4109955,32.93999863,2.47000003
2023-01-27T03:27:55.060Z,17.979,-66.91433333,11.71,2.68
2023-01-27T03:25:42.560Z,18.3245,-67.9785,157,3.42
2023-01-27T03:21:35.761Z,13.7912,120.5476,110.676,4.5
2023-01-27T02:19:24.080Z,18.32883333,-67.9845,97.86,3.4
2023-01-27T02:15:29.370Z,18.1185,-67.13966667,12.9,3.03
2023-01-27T01:20:17.750Z,17.96583333,-67.38733333,23.43,2.68
2023-01-27T00:55:01.673Z,60.5478,-146.9078,19.5,2.8
2023-01-27T00:10:43.268Z,41.4478,77.4532,10,4.6
2023-01-26T23:38:18.445Z,36.6674,67.7,59.493,4
2023-01-26T22:16:18.717Z,-17.0039,-71.5028,94.822,4.3
2023-01-26T21:25:53.470Z,18.57183333,-67.352,16.07,2.81
2023-01-26T20:50:14.207Z,62.9547,-149.6454,76.5,3.9
2023-01-26T20:39:41.340Z,19.153,-155.372,30.08,3.1
2023-01-26T19:30:46.687Z,57.338,-33.2601,10,5.3
2023-01-26T19:17:03.712Z,57.3763,-33.374,10,5.2
2023-01-26T18:53:06.320Z,58.2445,-155.1756,37.2,2.7
2023-01-26T17:55:29.330Z,-12.4691,166.9634,212.274,4.9
2023-01-26T17:25:59.107Z,2.8087,126.8523,40.28,4.6
2023-01-26T16:41:36.896Z,50.6252,-172.6345,13.384,5.1
2023-01-26T16:04:56.294Z,30.5315,137.5483,480.991,4.5
2023-01-26T15:57:01.678Z,-5.6296,154.2556,128.292,4.5
2023-01-26T15:33:37.148Z,-22.2328,-67.309,189.68,4.4
2023-01-26T14:19:02.828Z,-17.8522,-173.4025,35,4.8
2023-01-26T14:18:54.914Z,61.307,-146.8654,20.2,2.6
2023-01-26T13:56:50.123Z,23.2115,123.3863,10,4.9
2023-01-26T13:05:39.821Z,11.6697,43.9143,10,4.8
2023-01-26T11:03:18.202Z,32.7456665,-100.6529869,6.773966471,3.2
2023-01-26T10:47:42.549Z,32.75115967,-100.6594179,6.284871419,2.6
2023-01-26T10:45:53.633Z,-30.254,-178.6685,135.699,6
2023-01-26T09:11:56.320Z,19.1126,-66.3113,28,3.46
2023-01-26T07:58:05.400Z,32.9615,-116.3011667,10.43,2.5
2023-01-26T07:06:03.930Z,38.8055,-122.8088303,1.28,2.51
2023-01-26T06:33:44.558Z,2.874,127.1574,59.198,4.9
2023-01-26T05:45:14.274Z,31.69239017,-104.2946447,7.211303711,2.5
2023-01-26T04:29:44.168Z,-0.1167,-77.4795,10,4.1
2023-01-26T04:23:51.406Z,2.8733,126.965,35,5.7
2023-01-26T04:16:05.490Z,16.6078,-25.6214,10,5.3
2023-01-26T04:07:54.913Z,-30.4621,-178.5405,35,4.5
2023-01-26T03:16:21.963Z,-1.9745,-79.9816,77.663,4.6
2023-01-26T01:41:56.653Z,36.0873,70.2599,128.709,4.1
2023-01-26T01:26:19.840Z,19.18366667,-155.4955,34.29,2.7
2023-01-26T01:17:00.960Z,-16.9679,-69.5808,190.929,4.3
2023-01-26T01:11:28.150Z,36.7775,-121.4841667,4.73,2.81
2023-01-26T00:45:03.840Z,18.08833333,-66.05266667,21.82,2.5
2023-01-25T23:38:27.512Z,12.48,40.5288,10,4.3
2023-01-25T23:23:43.160Z,40.392,-125.2368333,9.72,2.6
2023-01-25T23:21:33.679Z,29.7569,102.0783,10,4.9
2023-01-25T23:14:42.540Z,-24.019,179.9833,514.333,4.5
2023-01-25T22:27:31.440Z,20.216,146.1963,35,4.7
2023-01-25T21:53:05.590Z,37.507,72.2651,191.644,4
2023-01-25T21:19:09.400Z,29.7984,102.0643,10,4.4
2023-01-25T20:57:21.130Z,29.6191,102.1184,10,4.4
2023-01-25T20:51:10.639Z,29.6746,102.1543,10,4.4
2023-01-25T20:30:44.433Z,29.7128,102.0765,10,4.5
2023-01-25T20:13:06.656Z,-28.3524,-175.9795,10,5
2023-01-25T19:49:45.325Z,29.7656,102.0473,10,5.5
2023-01-25T19:31:08.670Z,2.8058,127.3046,50.39,4.5
2023-01-25T17:43:57.530Z,38.8208333,-122.795,2.96,2.89
2023-01-25T17:17:43.240Z,19.04966667,-155.4255,37.08,3.21
2023-01-25T16:02:10.344Z,35.7891,79.8617,10,5.3
2023-01-25T15:51:50.966Z,2.8851,126.9928,45.547,4.6
2023-01-25T15:13:35.862Z,57.5059,-154.934,40.5,3.9
2023-01-25T15:09:34.409Z,-31.4512,-178.1953,37.76,5
2023-01-25T14:12:54.029Z,-6.1056,155.1407,158.785,4.8
2023-01-25T13:48:26.826Z,44.9052,80.9957,10,4.1
2023-01-25T13:19:39.197Z,55.754,-158.5617,56.2,2.5
2023-01-25T13:13:38.222Z,41.2102,84.2142,10,4.6
2023-01-25T12:46:17.709Z,-5.5069,153.6635,42.747,4.6
2023-01-25T12:37:05.514Z,35.7757,28.5931,25.889,5.9
2023-01-25T12:01:53.650Z,19.16583333,-155.502,35.05,2.74
2023-01-25T10:45:35.681Z,-20.2971,-177.6661,494.538,4.4
2023-01-25T10:39:15.740Z,18.3958,-68.8306,140,3.84
2023-01-25T10:38:48.100Z,33.8978333,-118.6956667,13.44,2.75
2023-01-25T10:22:32.970Z,33.883,-118.6923333,10.98,2.9
2023-01-25T10:03:33.360Z,33.8863333,-118.7026667,13.83,3.61
2023-01-25T10:01:41.890Z,35.8515,-97.19116667,7.98,3.53
2023-01-25T10:00:54.680Z,33.885,-118.7045,14.71,4.19
2023-01-25T09:11:39.331Z,-3.4826,-80.7592,34.065,4.4
2023-01-25T08:35:29.410Z,19.14716667,-155.369,30.36,3.59
2023-01-25T08:22:59.880Z,19.4056,-65.8381,27,3.9
2023-01-25T07:48:18.020Z,37.5478333,-118.8758333,6.66,2.55
2023-01-25T07:37:56.570Z,19.22716713,-155.423996,31.93000031,2.69000006
2023-01-25T06:46:52.520Z,18.5828,-66.7998,13,3.63
2023-01-25T05:16:33.720Z,18.1205,-67.13883333,12.09,2.99
2023-01-25T05:15:30.147Z,12.9459,-88.7273,67.408,4.6
2023-01-25T05:13:32.170Z,41.5,-112.1718333,6.87,2.79
2023-01-25T04:48:06.735Z,-26.3612,-71.3386,19.321,4.3
2023-01-25T04:36:25.080Z,18.43,-66.3895,112,3.68
2023-01-25T03:57:48.845Z,56.3377,114.3667,10,4
2023-01-25T03:35:20.562Z,9.2148,126.5496,35,4.6
2023-01-25T01:47:20.640Z,40.5713333,-124.2338333,9.23,2.53
2023-01-25T01:15:27.870Z,59.0989,-153.6504,101.3,3.1
2023-01-25T01:12:51.415Z,34.7861,14.2138,10,4.1
2023-01-25T01:00:48.872Z,37.5881,141.6819,45.602,4.8
2023-01-25T00:51:39.960Z,19.26916695,-155.4111633,32.86999893,2.5
2023-01-24T23:35:54.690Z,18.86466667,-65.3465,11.06,3.18
2023-01-24T22:54:58.121Z,27.9123,139.453,507.551,4.6
2023-01-24T20:33:56.557Z,31.68213056,-104.394701,6.131567383,2.6
2023-01-24T20:25:34.729Z,34.8994,14.3274,10,5.3
2023-01-24T20:17:57.728Z,3.1707,127.0414,28.893,5.3
2023-01-24T20:14:21.029Z,31.66936265,-104.378976,6.131567383,2.8
2023-01-24T20:12:55.847Z,2.9579,127.2868,40.251,4.5
2023-01-24T20:08:48.943Z,31.6676906,-104.3889197,7.391259766,2.7
2023-01-24T19:57:04.255Z,31.67159174,-104.3897618,6.131567383,3.5
2023-01-24T19:25:40.572Z,2.999,127.0786,52.052,4.4
2023-01-24T19:08:29.504Z,-21.6237,-68.4797,121.452,4.5
2023-01-24T18:37:00.133Z,-26.7346,-63.118,596.117,6.4
2023-01-24T18:20:03.730Z,40.4476667,-124.0195,23.54,2.69
2023-01-24T16:56:19.490Z,19.17499924,-155.4996643,34.25,2.47
2023-01-24T16:10:15.889Z,3.5382,128.5469,10,5.2
2023-01-24T15:57:08.550Z,50.0876,142.5264,10,4.5
2023-01-24T15:30:01.067Z,60.2295,-151.613,60.1,2.6
2023-01-24T13:55:02.028Z,60.815,-151.6609,71.9,2.6
2023-01-24T13:11:21.953Z,3.0692,126.9846,35,4.9
2023-01-24T13:07:04.210Z,60.9904,-150.9893,11.7,3.3
2023-01-24T12:27:22.450Z,19.2801,-64.39,36,3.82
2023-01-24T12:08:10.840Z,19.0253334,-155.4049988,32.31000137,2.56
2023-01-24T12:06:34.119Z,2.8233,127.0129,35,4.5
2023-01-24T11:57:52.254Z,52.532,160.2688,35,4.4
2023-01-24T11:23:08.350Z,-21.3068,-68.3886,118.147,4.6
2023-01-24T11:18:45.880Z,18.25716667,-67.40433333,13.4,3.06
2023-01-24T11:08:10.068Z,2.8408,127.2582,35,4.7
2023-01-24T09:58:51.620Z,19.03483391,-155.414505,35.29000092,3.15
2023-01-24T09:52:54.610Z,19.05433273,-155.409668,34.74000168,2.68
2023-01-24T09:17:32.440Z,17.968,-65.35033333,33.79,2.74
2023-01-24T08:58:32.284Z,29.5974,81.6522,25.227,5.6
2023-01-24T08:42:03.368Z,58.7763,-153.1704,62.9,3.1
2023-01-24T08:38:00.450Z,17.927,-66.856,13.33,2.47
2023-01-24T07:57:24.240Z,19.05266762,-155.4071655,34.72000122,2.63
2023-01-24T06:30:01.309Z,60.8036,-144.8644,38.3,2.9
2023-01-24T06:15:57.912Z,-22.1207,-175.4364,43.479,4.7
2023-01-24T05:52:23.253Z,37.2088,-97.8154,5,2.6
2023-01-24T05:35:07.154Z,2.8173,126.9755,53.755,4.5
2023-01-24T05:25:27.490Z,19.04116631,-155.4158325,31.39999962,2.81
2023-01-24T05:21:03.127Z,60.2015,-150.9461,55.6,3
2023-01-24T05:17:25.870Z,19.33099937,-155.5025024,2.839999914,2.56
2023-01-24T05:14:11.952Z,2.657,126.8553,49.8,4.3
2023-01-24T05:04:39.347Z,2.873,126.9762,48.303,4.5
2023-01-24T04:50:38.400Z,42.0325,-124.457,-0.43,2.65
2023-01-24T04:13:59.124Z,2.7674,127.1561,35,4.5
2023-01-24T04:05:37.756Z,-20.6561,-177.6509,382.398,4.4
2023-01-24T04:02:54.571Z,2.8152,127.0691,35,4.9
2023-01-24T03:38:37.033Z,2.9666,127.1382,35,4.5
2023-01-24T02:53:31.197Z,2.9174,127.1702,35,4.6
2023-01-24T02:30:04.742Z,2.949,127.1119,35,5.4
2023-01-24T02:25:23.600Z,2.8291,126.8647,35,4.7
2023-01-24T02:19:41.540Z,42.03933333333333,-124.3936667,6.47,2.65
2023-01-24T02:13:14.944Z,2.8162,126.9434,35,5.8
2023-01-24T02:11:36.862Z,45.8392,143.2519,332.997,4.1
2023-01-24T01:10:21.142Z,2.7647,126.9115,19.977,5.1
2023-01-24T00:46:24.120Z,18.29833333,-65.74066667,127.66,3.36
2023-01-23T23:16:46.215Z,43.3128,-127.2549,10,3
2023-01-23T22:55:19.763Z,-5.4748,104.3869,81.614,4.5
2023-01-23T22:35:21.368Z,-30.5569,-71.8736,26.391,3.9
2023-01-23T22:34:17.116Z,-22.6311,-66.3455,256.607,4.2
2023-01-23T22:21:20.501Z,-18.3802,-177.8302,567.066,4.4
2023-01-23T21:44:38.261Z,69.5383,-144.7274,1.9,4
2023-01-23T20:12:38.040Z,20.29383333,-156.6108333,4.54,2.51
2023-01-23T18:17:34.538Z,2.8806,127.0996,11.958,5.5
2023-01-23T17:46:06.530Z,19.03549957,-155.412674,32.38000107,2.57
2023-01-23T17:08:36.370Z,18.84816667,-64.62883333,11.03,3.18
2023-01-23T17:06:49.034Z,2.7517,126.938,35.081,5
2023-01-23T15:38:36.453Z,2.7595,127.0544,49.772,4.6
2023-01-23T14:57:33.246Z,-5.512,147.1636,199.263,4.6
2023-01-23T14:09:00.247Z,2.9642,127.0078,57.251,4.5
2023-01-23T14:01:53.532Z,3.0087,127.0747,35,4.7
2023-01-23T13:58:02.950Z,37.1093333,-121.5168333,5.65,3.62
2023-01-23T13:42:03.274Z,24.8127,93.0266,10,5.1
2023-01-23T13:29:36.260Z,-6.9082,126.6054,452.334,4.4
2023-01-23T12:01:32.370Z,18.857,-65.001,14.35,3
2023-01-23T10:37:52.930Z,35.0331,14.1929,10,5.1
2023-01-23T10:37:46.658Z,-23.3485,-179.5499,565.089,4.6
2023-01-23T10:08:01.471Z,63.1496,-150.8705,132.5,3
2023-01-23T08:10:37.610Z,57.7218,-153.1781,52.7,3
2023-01-23T08:09:04.269Z,-23.0448,171.6843,10,4.9
2023-01-23T07:54:58.660Z,18.007,-67.1566,7,3.52
2023-01-23T06:39:54.770Z,19.2256,-65.8093,122,3.91
2023-01-23T06:37:03.770Z,19.5396,-65.7353,107,3.93
2023-01-23T05:37:42.960Z,19.4815,-65.78,82,3.95
2023-01-23T04:35:06.251Z,24.1828,125.3303,28.301,4.2
2023-01-23T03:05:19.620Z,17.8768,-66.8725,11,3.6
2023-01-23T03:02:03.289Z,-57.6946,-23.6704,10,5.1
2023-01-23T02:59:43.370Z,23.5127,142.916,40.884,5.2
2023-01-23T02:44:36.190Z,57.4307,-154.9686,51.1,2.9
2023-01-23T02:42:57.559Z,2.8162,127.2403,49.437,4.6
2023-01-23T01:44:27.400Z,40.4136667,-124.6001667,16.97,2.46
2023-01-23T01:17:47.630Z,17.9555,-66.98566667,7.56,2.95
2023-01-22T23:13:08.480Z,17.9585,-66.98933333,8.18,2.57
2023-01-22T22:49:23.265Z,6.6759,126.7806,121.003,4.7
2023-01-22T22:25:06.580Z,17.9575,-66.87783333,18.13,2.53
2023-01-22T22:15:26.093Z,-38.0325,176.3596,208.954,4.3
2023-01-22T22:08:56.488Z,14.0872,-91.3552,69.093,4.6
2023-01-22T22:08:27.516Z,38.5957,99.0242,11.667,4.1
2023-01-22T21:49:17.570Z,40.522,-124.4258333,17.94,2.87
2023-01-22T21:22:37.585Z,36.5956,70.8713,213.86,4.4
2023-01-22T20:46:08.005Z,13.019,-90.9649,10,4.4
2023-01-22T20:13:42.392Z,-7.1661,155.9732,117.158,5
2023-01-22T20:07:59.636Z,68.0847,-153.2298,11.111,2.6
2023-01-22T20:06:37.343Z,38.7456,-97.028,5,2.8
2023-01-22T20:00:53.190Z,17.965,-66.8715,16.51,2.85
2023-01-22T19:03:03.690Z,18.095,-67.02,20.76,2.67
2023-01-22T18:56:11.720Z,-19.1467,-177.285,390.161,4.6
2023-01-22T18:51:49.860Z,18.09816667,-67.0365,21.75,2.73
2023-01-22T18:21:02.158Z,2.8805,127.1184,35,4.5
2023-01-22T17:57:42.454Z,2.742,127.0444,35,4.7
2023-01-22T16:57:12.253Z,-7.3974,128.475,162.532,4.6
2023-01-22T16:56:54.160Z,40.3401667,-124.8648333,8.49,2.65
2023-01-22T16:43:29.810Z,18.95383333,-65.06866667,101.1,3.39
2023-01-22T16:19:10.306Z,31.61302295,-103.9802503,8.329602051,3
2023-01-22T15:13:24.510Z,18.1068,-67.0268,18,3.93
2023-01-22T14:35:13.490Z,18.82633333,-65.53733333,143.72,3.43
2023-01-22T14:34:19.620Z,19.6721,-65.7734,15.051,2.8
2023-01-22T10:22:17.702Z,32.23114014,-103.0882003,14.69730632,2.7
2023-01-22T10:01:18.185Z,63.5757,-149.8644,122.3,2.6
2023-01-22T09:44:47.287Z,-2.6107,140.6554,29.072,4.7
2023-01-22T08:53:29.160Z,36.365,-89.49,7.39,2.66
2023-01-22T08:52:10.530Z,17.9505,-66.95866667,9.56,2.59
2023-01-22T08:35:17.993Z,-3.6832,144.1303,10,4.5
2023-01-22T08:27:30.600Z,19.05716705,-155.4221649,35.77000046,3.12
2023-01-22T08:06:29.990Z,18.015,-66.892,10.31,2.53
2023-01-22T06:42:07.533Z,2.7282,127.0041,61.864,4.6
2023-01-22T06:16:02.773Z,-6.5137,129.4549,214.845,4.9
2023-01-22T06:07:27.622Z,-15.2559,-75.6919,23.472,4.5
2023-01-22T05:39:52.046Z,-2.8853,127.7646,41.986,4.6
2023-01-22T04:52:33.076Z,31.61560975,-103.9970738,8.908032227,2.8
2023-01-22T04:49:42.600Z,17.9775,-66.83816667,16.48,2.61
2023-01-22T04:46:47.035Z,38.8604,22.9215,10.051,4.6
2023-01-22T03:27:42.289Z,53.3381,-169.311,130.449,4.8
2023-01-22T02:48:37.071Z,-21.0091,-173.7549,10,5
2023-01-22T02:29:04.418Z,2.8146,127.0272,47.016,4.4
2023-01-22T01:30:06.850Z,19.0683,-64.736,15,4.09
2023-01-22T01:04:49.350Z,36.10466667,-97.837,6.78,2.5
2023-01-22T01:03:02.032Z,40.3412,-127.7028,10,2.9
2023-01-22T00:35:18.290Z,58.7598,-137.4467,10,3
2023-01-22T00:28:00.463Z,1.9718,98.9862,137.876,4.2
2023-01-21T23:58:55.220Z,39.7531667,-124.0403333,3.13,2.52
2023-01-21T23:52:23.980Z,17.86783333,-67.00933333,11.81,2.55
2023-01-21T23:21:45.069Z,6.9056,126.6926,143.798,4.5
2023-01-21T22:35:30.944Z,57.3688,-33.423,10,5.3
2023-01-21T21:56:59.449Z,-48.9243,-8.375,10,4.9
2023-01-21T21:50:17.099Z,-15.1354,-72.0068,122.588,4.3
2023-01-21T21:36:26.305Z,60.2602,-150.9304,61.2,2.5
2023-01-21T20:16:53.128Z,31.60928415,-103.9636918,8.548120117,3.1
2023-01-21T20:06:52.313Z,2.7891,127.0311,41.244,5.1
2023-01-21T19:49:28.652Z,57.4012,-33.376,10,5.7
2023-01-21T19:25:19.793Z,4.5702,95.0354,56.006,4.5
2023-01-21T19:22:20.669Z,57.4518,-33.4184,10,4.8
2023-01-21T19:20:27.360Z,57.4657,-33.3833,10,5.2
2023-01-21T19:00:03.269Z,15.6225,-96.1666,21.558,4.3
2023-01-21T18:45:18.652Z,62.8845,-151.052,107.3,2.5
2023-01-21T18:29:39.197Z,-12.1992,109.1515,10,4
2023-01-21T17:59:48.536Z,5.0407,-82.6392,10,4.5
2023-01-21T17:18:45.120Z,19.5368,-65.7323,38,3.74
2023-01-21T16:37:52.920Z,17.55666667,-67.72233333,20.43,3.21
2023-01-21T16:06:01.272Z,-27.3604,-176.5961,10,4.8
2023-01-21T15:55:53.895Z,-2.1527,102.1545,202.953,4.4
2023-01-21T15:37:42.478Z,51.1198,-179.2178,35,4
2023-01-21T15:18:38.657Z,53.4144,-163.6821,47.087,3.8
2023-01-21T15:02:27.237Z,3.0787,126.8169,57.422,4.4
2023-01-21T15:02:15.840Z,18.98766708,-155.4071655,37.25999832,2.58
2023-01-21T14:59:14.245Z,5.984,125.7852,80.12,4.5
2023-01-21T14:40:43.775Z,58.2581,-155.1717,0,2.5
2023-01-21T14:37:52.364Z,-21.599,-68.4633,144.798,4.1
2023-01-21T14:33:44.740Z,32.40875244,-102.110685,9.170532227000002,2.5
2023-01-21T13:50:48.821Z,-17.6822,-178.3412,567.286,4.4
2023-01-21T13:41:28.464Z,60.2456,-152.1258,90.4,3.2
2023-01-21T13:31:58.104Z,34.6894,36.4205,10,4.3
2023-01-21T13:29:08.389Z,-4.4634,132.8145,10,4.6
2023-01-21T13:26:03.339Z,18.3,145.9099,152.773,4.8
2023-01-21T12:47:19.789Z,60.847,-152.3511,105.7,2.6
2023-01-21T12:47:14.954Z,60.4838,-141.4008,15.1,2.8
2023-01-21T12:27:36.555Z,31.72345748,-104.5313414,5.977319336,2.5
2023-01-21T11:57:20.660Z,9.4596,126.1881,83.269,4.4
2023-01-21T11:39:38.176Z,62.6127,-152.1539,0.1,2.6
2023-01-21T11:14:30.644Z,37.2122,141.5403,50.582,4.3
2023-01-21T11:01:26.952Z,60.0205,-152.5031,91.9,3
2023-01-21T10:48:57.900Z,17.94633333,-67.01816667,7.94,2.63
2023-01-21T10:21:56.530Z,19.27283333,-64.83783333,24.74,3.31
2023-01-21T10:00:08.270Z,63.2956,-149.7613,107.5,2.7
2023-01-21T09:24:41.305Z,2.7991,127.097,48.918,4.5
2023-01-21T08:32:23.457Z,60.2488,-152.8033,107.2,2.5
2023-01-21T08:19:14.230Z,18.00016667,-66.80883333,14.87,2.59
2023-01-21T08:10:11.520Z,19.30783333,-64.74816667,42.81,3.35
2023-01-21T07:57:06.745Z,3.9573,-32.2273,10,4.9
2023-01-21T07:47:55.480Z,59.7054,-153.1452,113.5,2.5
2023-01-21T07:39:14.275Z,58.1381,-152.7319,47.5,2.7
2023-01-21T07:23:17.650Z,19.02516667,-65.05116667,22.1,3.17
2023-01-21T07:09:59.430Z,19.06216667,-64.8555,38.73,3.18
2023-01-21T06:51:31.105Z,-21.1028,-68.5557,150.93,4.1
2023-01-21T06:17:06.468Z,2.8567,127.0676,35,4.7
2023-01-21T06:08:49.151Z,31.66382044,-104.3832334,7.10847168,2.5
2023-01-21T05:53:32.940Z,19.25333333,-64.85016667,34.83,3.19
2023-01-21T05:47:21.244Z,-57.3216,-25.6375,35,5
2023-01-21T05:35:27.460Z,19.2806,-64.84,49,3.77
2023-01-21T05:28:14.710Z,19.3221,-64.8171,30,3.79
2023-01-21T05:19:47.730Z,19.28583333,-64.848,26.48,3.39
2023-01-21T05:16:00.285Z,53.4636,-163.6677,26.3,3.5
2023-01-21T05:13:16.530Z,19.2971,-64.8208,49,3.87
2023-01-21T05:10:08.630Z,19.27266667,-64.8555,44.24,3.24
2023-01-21T05:01:35.880Z,19.3256,-64.8465,33,3.88
2023-01-21T04:51:03.300Z,19.3615,-64.852,20.84,3.42
2023-01-21T04:32:50.070Z,19.25300026,-155.3853302,31.13999939,2.55
2023-01-21T04:28:46.530Z,19.29833333,-64.8355,44.29,3.37
2023-01-21T04:07:07.830Z,53.3002,-163.5332,23.807,4.6
2023-01-21T04:05:37.070Z,19.3403,-64.8281,34,3.69
2023-01-21T04:05:28.745Z,-18.2573,-70.8206,40.232,4.3
2023-01-21T03:58:09.663Z,2.7788,127.0784,47.107,5.1
2023-01-21T03:55:15.690Z,19.54533333,-65.70416667,86.69,3.19
2023-01-21T03:50:45.050Z,19.32833333,-64.83666667,35.07,3.2
2023-01-21T03:49:20.290Z,19.31283333,-64.885,24.61,3.32
2023-01-21T03:28:11.510Z,38.8075,-122.786,0.99,2.55
2023-01-21T03:27:50.440Z,38.8208333,-122.788,0.9,3.06
2023-01-21T02:50:36.279Z,3.2299,96.1937,47.098,4.5
2023-01-21T01:50:46.456Z,-21.4284,-66.718,245.948,4
2023-01-21T01:14:37.030Z,2.4765,126.7826,43.449,4.6
2023-01-21T00:55:54.420Z,37.379,-122.2308333,7.71,2.66
2023-01-21T00:55:49.680Z,37.3781667,-122.2253333,7.25,2.53
2023-01-20T23:40:45.770Z,19.5,-65.744,116,4.01
2023-01-20T22:47:25.714Z,-19.9412,-68.9363,121.466,4.5
2023-01-20T22:09:39.774Z,-26.7209,-63.0394,610.671,6.8
2023-01-20T21:48:09.250Z,18.087,-66.90566667,18.41,2.47
2023-01-20T21:30:51.287Z,-3.9681,34.3621,10,4.6
2023-01-20T20:01:21.660Z,18.8245,-67.2945,29.7,2.88
2023-01-20T18:05:42.096Z,37.7696,141.5306,69.558,4.5
2023-01-20T18:05:07.253Z,-5.2778,101.8249,25.488,4.5
2023-01-20T17:49:34.446Z,2.8019,127.0115,22.687,5
2023-01-20T16:41:12.155Z,44.943,148.0752,10.628,4.1
2023-01-20T13:54:39.752Z,52.2302,-170.4085,25.6,3.6
2023-01-20T12:41:15.404Z,-28.144,-176.2771,10,5.4
2023-01-20T11:46:23.720Z,18.80683333,-66.812,14,3.24
2023-01-20T11:23:41.042Z,16.131,-62.1564,166.372,6.2
2023-01-20T10:42:55.390Z,18.3835,-67.40033333,14.11,3.11
2023-01-20T10:40:12.947Z,3.005,127.1757,35,4.7
2023-01-20T10:32:16.720Z,19.2095,-155.4018333,31.94,3.03
2023-01-20T08:58:08.696Z,3.5756,128.5755,9.826,4.9
2023-01-20T08:01:14.570Z,41.128,-123.8753333,25.27,4.26
2023-01-20T07:15:39.920Z,36.484,-120.6923333,10.28,3.02
2023-01-20T07:09:07.840Z,37.3741667,-122.2261667,7.28,2.88
2023-01-20T06:22:30.630Z,18.02433333,-66.76866667,14.53,2.46
2023-01-20T05:54:41.510Z,18.0185,-67.26383333,34.74,2.92
2023-01-20T05:48:28.629Z,38.9264,142.0923,48.794,5
2023-01-20T05:37:23.842Z,36.0863,31.6512,87.259,4.2
2023-01-20T04:51:55.238Z,-56.4321,158.7822,10,4.7
2023-01-20T03:46:06.105Z,39.0628,70.7087,14.558,4.7
2023-01-20T03:40:32.671Z,-7.4437,122.9267,539.902,4.4
2023-01-20T03:39:08.795Z,59.6726,-152.1165,63.2,2.7
2023-01-20T03:24:01.770Z,19.63583333,-65.87233333,46.57,3.4
2023-01-20T03:11:31.544Z,-15.4484,-172.8284,10,4.9
2023-01-20T02:45:32.624Z,59.7879,-150.2718,16.9,2.5
2023-01-20T02:13:06.023Z,62.1494,-152.086,103.5,2.6
2023-01-20T01:20:11.791Z,35.4849,80.3517,10,4.2
2023-01-20T01:18:07.660Z,38.7511667,-123.0948333,6.28,3.59
2023-01-20T00:57:15.739Z,11.9085,-87.7477,37.368,4.2
2023-01-20T00:47:51.600Z,18.9455,-66.43116667,20.19,2.9
2023-01-20T00:29:25.090Z,32.6949,23.4225,10,4
2023-01-19T21:49:06.935Z,2.7335,127.0413,61.757,4.3
2023-01-19T21:45:09.797Z,6.8247,123.6366,599.231,4.2
2023-01-19T21:21:17.236Z,56.1896,-149.3174,15.172,3.4
2023-01-19T20:54:06.447Z,56.2551,-149.7959,10,3.9
2023-01-19T20:35:20.484Z,2.7461,127.0847,56.648,4.7
2023-01-19T20:30:07.050Z,41.1286667,-123.8765,26.26,3.66
2023-01-19T20:09:34.550Z,36.8016667,-121.5186667,4.17,2.47
2023-01-19T19:21:41.850Z,36.8073333,-121.532,4.17,3.16
2023-01-19T18:51:38.143Z,2.6331,126.8351,65.929,4.5
2023-01-19T18:26:16.494Z,13.841,-89.9523,7.141,4.1
2023-01-19T17:52:45.046Z,-21.4084,-174.196,10,5
2023-01-19T17:51:33.296Z,2.6654,126.9787,63.606,4.8
2023-01-19T17:43:45.011Z,1.146,-85.258,39.223,4.8
2023-01-19T17:15:55.930Z,36.8096667,-121.531,5.32,3.56
2023-01-19T16:57:33.189Z,-35.6972,-103.8494,10,4.8
2023-01-19T16:55:04.427Z,-17.342,-178.9889,553.014,4.5
2023-01-19T15:20:18.397Z,52.8083,152.9293,499.292,4.4
2023-01-19T15:09:00.910Z,17.9455,-65.62116667,16.73,2.46
2023-01-19T15:01:24.830Z,19.6516,-65.7675,10,3.71
2023-01-19T14:28:52.482Z,4.397,126.8701,47.934,4.4
2023-01-19T14:20:55.130Z,36.382,-97.6435,7.83,3.03
2023-01-19T13:58:40.370Z,35.8578333,-117.6995,8.5,3.35
2023-01-19T13:01:08.147Z,13.7446,145.0964,120.896,5
2023-01-19T13:00:21.470Z,2.9275,127.049,53.443,4.8
2023-01-19T12:29:50.043Z,2.7597,127.0019,48.669,4.7
2023-01-19T12:24:40.492Z,41.317,142.5669,37.201,4.4
2023-01-19T12:07:05.450Z,19.2495,-155.4103333,32.84,2.82
2023-01-19T11:56:51.880Z,-6.2454,125.3943,546.03,4.9
2023-01-19T11:45:14.375Z,53.5331,-163.6261,25.299,4.8
2023-01-19T11:30:42.468Z,35.5411,71.4241,96.044,5.1
2023-01-19T09:14:29.711Z,6.0677,125.6309,133.144,4.7
2023-01-19T08:36:28.311Z,53.5309,-163.6453,36.776,4.2
2023-01-19T07:58:27.504Z,2.8532,127.0514,48.192,4.5
2023-01-19T07:38:35.112Z,2.7518,127.0542,55.874,4.5
2023-01-19T06:43:44.952Z,53.4435,-163.5938,24.357,4.2
2023-01-19T05:55:24.350Z,-24.1063,-66.7243,202.01,4.6
2023-01-19T05:55:23.163Z,38.613,44.7799,10,4.2
2023-01-19T04:54:29.603Z,2.7042,127.0452,35,4.5
2023-01-19T03:50:20.204Z,-12.1655,166.7599,192.329,4.5
2023-01-19T03:50:00.811Z,-64.4289,174.8642,10,4.6
2023-01-19T03:30:37.791Z,-6.6529,104.1805,35,4.4
2023-01-19T03:30:07.298Z,-11.208,166.3807,10,4.5
2023-01-19T03:25:24.263Z,33.7326,137.2728,14.259,4.5
2023-01-19T02:27:25.889Z,17.318,-83.9092,33.145,4.2
2023-01-19T02:24:56.968Z,2.9459,127.2927,35,4.2
2023-01-19T02:22:27.212Z,39.4825,25.8279,10,4.3
2023-01-19T01:56:16.933Z,19.8775,120.5851,10,4.3
2023-01-19T01:41:39.388Z,25.937,143.0309,10,4.6
2023-01-19T01:36:23.195Z,2.801,127.2439,35,4.4
2023-01-19T01:17:56.734Z,12.1382,94.4587,10,4.5
2023-01-19T01:14:13.410Z,19.47433333,-67.22083333,20.2,3.43
2023-01-19T00:29:12.512Z,44.2608,-116.217,8.532,2.6
2023-01-19T00:07:52.919Z,44.2853,-116.194,17.284,2.6
2023-01-18T22:18:09.600Z,18.3773,-68.8271,151,4.42
2023-01-18T22:01:27.838Z,-0.8678,133.6173,35.541,4.4
2023-01-18T20:57:50.418Z,2.7796,126.9699,43.006,4.6
2023-01-18T20:53:48.693Z,31.63476374,-104.3991199,6.080151367,2.6
2023-01-18T20:07:40.106Z,-17.0224,175.5503,10,4.8
2023-01-18T19:55:00.638Z,2.7058,126.8415,49.823,4.8
2023-01-18T19:53:34.200Z,-21.6883,170.4121,157.305,4.7
2023-01-18T19:08:56.568Z,-17.4728,-174.6542,227.978,4.5
2023-01-18T18:55:37.987Z,2.7122,126.963,54.611,4.6
2023-01-18T18:22:50.479Z,38.2879,21.8309,10,4.2
2023-01-18T18:19:06.329Z,62.2092,-123.921,7.001,4.1
2023-01-18T18:17:12.622Z,-24.1049,-179.5264,505.884,4.5
2023-01-18T18:15:36.473Z,2.6911,126.8984,46.469,4.6
2023-01-18T18:03:03.910Z,-30.3249,-177.3951,10,4.7
2023-01-18T17:50:38.171Z,-16.175,-176.0418,374.169,4.3
2023-01-18T17:00:12.933Z,34.9433,14.1934,10,4.7
2023-01-18T16:27:48.105Z,-11.1287,111.6908,10,5.1
2023-01-18T16:10:45.411Z,-11.1071,111.7867,10,5
2023-01-18T16:06:40.935Z,2.7327,126.9768,52.938,4.9
2023-01-18T15:54:46.484Z,34.8698,14.3276,10,5.1
2023-01-18T15:43:30.596Z,2.9006,127.2076,35,4.9
2023-01-18T14:55:50.971Z,38.4062,45.0078,10,4.4
2023-01-18T14:21:40.036Z,2.7626,127.0525,56.609,4.6
2023-01-18T14:13:03.356Z,34.9792,14.2769,10,4.6
2023-01-18T13:55:29.254Z,2.756,127.0702,47.346,4.5
2023-01-18T13:39:46.149Z,2.7773,126.9797,50.613,4.7
2023-01-18T13:35:12.451Z,2.6223,126.9865,48.533,4.3
2023-01-18T11:06:53.603Z,-13.3931,66.8185,10,5
2023-01-18T10:42:40.971Z,38.4726,44.8342,17.719,4.4
2023-01-18T10:08:12.816Z,38.4114,44.9348,10,5.8
2023-01-18T09:39:07.545Z,2.6799,126.9773,71.166,4.6
2023-01-18T09:09:05.320Z,19.04483333,-155.4251667,36.17,2.58
2023-01-18T08:01:26.730Z,2.6819,127.135,50.817,5.5
2023-01-18T07:29:00.189Z,-30.3889,-71.9674,27.633,4.5
2023-01-18T07:28:50.880Z,35.3228333,-118.5685,3.77,2.79
2023-01-18T07:20:21.754Z,2.8548,127.2667,48.792,4.6
2023-01-18T07:00:34.116Z,2.7616,127.0111,35,4.8
2023-01-18T06:30:27.413Z,63.0486,-148.7177,55.1,2.6
2023-01-18T06:19:13.488Z,2.8271,127.0886,35,5
2023-01-18T06:06:11.317Z,2.7347,127.0598,28.566,7
2023-01-18T05:57:19.580Z,17.97216667,-66.83816667,16.93,2.73
2023-01-18T05:33:54.470Z,18.08416667,-66.17966667,14.26,3.13
2023-01-18T04:51:36.954Z,14.2601,123.0134,10,4.6
2023-01-18T04:33:26.564Z,24.7915,124.8538,54.834,4.8
2023-01-18T04:21:57.431Z,34.9044,14.2658,10,5
2023-01-18T04:17:06.969Z,-1.4513,-15.3787,10,4.6
2023-01-18T04:06:02.456Z,-0.2132,97.5504,10,4.3
2023-01-18T04:05:22.800Z,17.93666667,-66.904,13.78,2.85
2023-01-18T03:58:23.726Z,-13.1094,166.6574,35,4.9
2023-01-18T03:46:24.171Z,61.6271,-149.6415,20,2.6
2023-01-18T03:40:50.560Z,36.52633333,-98.6065,6.31,2.49
2023-01-18T03:26:32.922Z,24.7752,125.4156,35,4.6
2023-01-18T02:20:02.867Z,14.3601,-91.2682,121.397,4.2
2023-01-18T01:57:20.960Z,29.6417,101.7166,35,4.5
2023-01-18T01:54:23.480Z,31.62533387,-104.4003803,7.596923828000001,2.6
2023-01-18T01:46:55.746Z,11.5055,95.1941,10,4.4
2023-01-18T01:41:34.352Z,52.324,-169.97,35,3.5
2023-01-18T00:56:36.983Z,14.2853,123.2696,10,4.6
2023-01-18T00:34:44.767Z,-0.0007,123.1832,152.529,6
2023-01-18T00:20:04.413Z,12.9545,-88.9654,61.827,4.1
2023-01-18T00:17:14.699Z,36.10516667,-97.8355,7.46,2.63
2023-01-17T22:11:11.182Z,0.3371,122.3181,124.933,4.3
2023-01-17T22:05:11.580Z,6.2754,126.0942,137.129,4.5
2023-01-17T21:42:33.761Z,-9.0914,148.075,9.858,5.1
2023-01-17T20:46:36.968Z,-17.7445,-171.1648,14.633,5
2023-01-17T19:42:35.040Z,34.9131,14.2475,10.189,4.2
2023-01-17T19:08:33.087Z,-25.7741,-69.0241,123.977,4.3
2023-01-17T18:40:00.409Z,-16.6678,-73.7684,47.886,4.3
2023-01-17T18:39:22.230Z,14.3416,122.9821,10,4.6
2023-01-17T18:28:06.338Z,59.744,-153.1116,106.5,2.7
2023-01-17T18:05:42.309Z,-24.614,-70.0847,60.489,4.4
2023-01-17T17:43:06.181Z,36.5129,52.8992,10,4.5
2023-01-17T17:40:58.250Z,42.1404,-29.2623,9.983,5.1
2023-01-17T16:45:49.021Z,-7.9938,-74.5533,157.862,4.4
2023-01-17T16:35:26.784Z,42.6698,-111.7963,5,2.9
2023-01-17T15:21:19.545Z,-8.3792,120.4573,10,4.6
2023-01-17T14:57:00.990Z,18.252,-66.38216667,32.26,2.62
2023-01-17T14:12:33.380Z,18.76366667,-65.11116667,17.16,2.67
2023-01-17T13:39:00.079Z,30.1983,130.9092,34.299,4.3
2023-01-17T13:13:57.910Z,51.2543,178.6883,28.332,4.2
2023-01-17T12:59:29.589Z,30.0275,131.0692,29.325,4.6
2023-01-17T11:53:26.414Z,-38.2009,-74.0126,21.649,4.4
2023-01-17T11:35:38.530Z,17.98083333,-66.9115,13.76,2.59
2023-01-17T11:18:11.783Z,60.0897,-153.3674,153.3,2.5
2023-01-17T10:35:29.924Z,60.1071,-153.4663,175.3,2.5
2023-01-17T09:59:25.642Z,-8.1443,-71.3375,635.507,4.3
2023-01-17T09:55:23.710Z,18.0075,-66.76516667,14.1,2.56
2023-01-17T09:47:59.525Z,-2.9361,140.0085,35,4.2
2023-01-17T09:40:38.044Z,-35.0251,-106.9762,10,4.9
2023-01-17T09:38:48.034Z,-15.3297,-172.8909,10,4.9
2023-01-17T09:22:17.850Z,19.0155,-67.84716667,4.89,3.25
2023-01-17T09:08:05.370Z,40.4,-125.1436667,10,2.8
2023-01-17T08:28:17.720Z,17.96116667,-66.919,14.78,2.45
2023-01-17T08:07:48.550Z,17.8565,-67.24133333,17.87,2.48
2023-01-17T07:37:56.336Z,44.0344,142.3295,14.888,4.4
2023-01-17T06:19:02.843Z,82.0006,-5.0037,10,4.9
2023-01-17T04:50:45.368Z,-1.8101,99.6227,35,4.3
2023-01-17T04:48:15.283Z,58.13,-137.5048,16.8,4.4
2023-01-17T04:36:12.673Z,-9.0557,112.5281,64.982,5
2023-01-17T04:11:56.797Z,-28.2104,-178.2388,215.956,4
2023-01-17T03:19:11.430Z,18.63466667,-65.2125,81.52,3.37
2023-01-17T03:07:54.116Z,-5.0593,127.8237,329.509,4.3
2023-01-17T02:38:43.926Z,29.5708,141.0473,109.32,4.6
2023-01-17T02:09:35.866Z,-3.8968,128.4524,130.784,4.8
2023-01-17T01:49:09.000Z,40.4013333,-124.1363333,23.93,2.64
2023-01-17T01:00:19.418Z,-40.662,44.9473,10,4.4
2023-01-17T00:06:19.140Z,-18.0535,168.2098,10,4.6
2023-01-16T23:30:56.910Z,18.94016667,-65.07733333,20.28,3.32
2023-01-16T23:27:46.110Z,19.25033333,-155.3985,32.43,2.67
2023-01-16T23:13:36.510Z,40.504,-124.4266667,17.62,2.65
2023-01-16T21:57:38.829Z,14.4102,122.9956,10,5.2
2023-01-16T21:30:07.953Z,-10.9927,166.1624,11.316,4.8
2023-01-16T20:54:59.952Z,-6.9885,129.4188,138.936,4.3
2023-01-16T20:54:54.831Z,-15.4864,-70.3849,215.161,4.6
2023-01-16T20:20:12.456Z,23.5913,92.4156,10,4.1
2023-01-16T19:48:18.590Z,18.283,-68.9065,114,4.1
2023-01-16T19:08:52.429Z,-14.773,167.3973,130.921,4.3
2023-01-16T18:24:31.520Z,18.99033333,-64.98266667,20.16,2.97
2023-01-16T18:23:23.791Z,41.4606,20.0582,9.425,4.3
2023-01-16T17:43:27.373Z,61.7193,-149.5721,25.4,4.6
2023-01-16T17:20:26.965Z,60.9132,-147.3225,31.4,2.6
2023-01-16T17:18:10.256Z,-3.1282,136.5175,35,4.4
2023-01-16T17:13:43.491Z,51.7982,178.258,113.132,4.1
2023-01-16T17:03:35.120Z,-41.535,-85.2349,10,4.6
2023-01-16T16:42:35.110Z,18.0285,-66.99466667,7.91,2.65
2023-01-16T16:14:38.512Z,-0.8968,146.8626,10,4.5
2023-01-16T16:12:56.580Z,18.90116667,-65.6195,109.1,3.4
2023-01-16T15:47:40.574Z,-24.4747,-67.0711,168.322,4.9
2023-01-16T14:02:58.753Z,23.9367,122.3511,24.153,4.3
2023-01-16T14:02:39.514Z,23.9304,122.428,26.588,4
2023-01-16T13:31:22.789Z,-3.1103,142.0154,31.681,4.3
2023-01-16T13:10:03.973Z,-8.9708,115.5095,101.182,4.3
2023-01-16T12:10:24.184Z,43.278,144.4079,132.925,4.3
2023-01-16T11:44:59.521Z,35.7022,80.2482,10,4.3
2023-01-16T11:43:18.410Z,14.0422,-89.8553,10,4
2023-01-16T11:29:41.803Z,35.7622,80.0515,10,4.2
2023-01-16T11:10:29.305Z,52.0098,-173.3985,68,3.7
2023-01-16T10:15:09.455Z,-41.6122,-88.4064,10,4.9
2023-01-16T09:42:35.151Z,30.5523,138.4329,409.369,4.2
2023-01-16T09:35:09.879Z,62.9836,-150.3743,98.3,2.6
2023-01-16T07:50:32.314Z,-21.8061,-68.5563,80.783,5
2023-01-16T07:46:44.812Z,38.1396,-117.9805,11.6,2.5
2023-01-16T07:41:00.458Z,-32.578,-71.6813,35,4.3
2023-01-16T07:18:50.150Z,13.1713,-89.5353,64.735,4.3
2023-01-16T07:12:28.705Z,-14.7458,166.8888,11.805,4.9
2023-01-16T07:01:50.075Z,64.0929,-152.0002,20.1,2.5
2023-01-16T04:49:52.130Z,28.9867,139.3614,405,6.3
2023-01-16T04:47:12.542Z,14.1077,-89.8307,7.797,5
2023-01-16T04:20:56.021Z,56.6409,-156.1193,48.7,2.6
2023-01-16T03:51:36.346Z,-7.902,128.4287,63.912,4.3
2023-01-16T03:43:37.950Z,37.5238333,-118.7866667,5.85,2.63
2023-01-16T02:57:20.300Z,39.5778333,-111.4533333,9.58,2.6
2023-01-16T02:52:39.250Z,39.578,-111.4526667,9,2.7
2023-01-16T02:05:13.310Z,52.2692,-169.8221,10.5,3.6
2023-01-16T01:54:02.872Z,14.1329,-89.7929,4.785,4.5
2023-01-16T01:24:49.440Z,17.9,-66.8225,6.87,2.68
2023-01-16T00:47:11.250Z,18.83766667,-64.99616667,21.31,3.41
2023-01-16T00:03:40.580Z,53.362,-165.2123,35,3
2023-01-15T23:55:32.663Z,-0.1511,-24.8509,10,4.5
2023-01-15T23:21:28.480Z,18.7498,-68.3301,67,3.73
2023-01-15T23:07:53.810Z,14.0219,-89.7986,10,5.2
2023-01-15T22:51:35.920Z,37.2951667,-120.028,16.43,3.38
2023-01-15T22:29:58.919Z,2.0042,98.0141,37,6.2
2023-01-15T22:25:37.664Z,-6.9435,129.8684,99.525,4.5
2023-01-15T21:46:29.715Z,28.1219,104.9123,35.52,4.1
2023-01-15T21:45:41.552Z,41.5072,19.9862,10,4.1
2023-01-15T21:37:21.578Z,41.4531,19.9981,16.048,4.9
2023-01-15T20:12:53.243Z,32.00720848,-103.8163168,7.674047852000001,3.3
2023-01-15T19:47:40.472Z,-54.1684,140.4939,10,4.7
2023-01-15T19:41:51.878Z,-5.508,152.2043,38.905,4.3
2023-01-15T18:48:41.232Z,-23.788,-179.7079,519.284,4.4
2023-01-15T18:21:38.233Z,31.73814331,-104.2486783,8.085375977,2.5
2023-01-15T17:59:19.869Z,0.7556,-77.3987,9.7,4.3
2023-01-15T17:57:31.090Z,19.048,-67.3623,43,3.45
2023-01-15T17:56:00.369Z,-23.8534,-111.8992,10,4.7
2023-01-15T17:38:02.230Z,-5.4286,146.9684,214.358,4.2
2023-01-15T17:36:47.239Z,-17.7086,179.9179,617.888,4.5
2023-01-15T17:09:39.111Z,-22.8221,179.1971,582.579,5
2023-01-15T16:57:02.957Z,57.5615,-153.1782,61,3.3
2023-01-15T16:25:27.570Z,41.1779,142.3193,56.912,4.9
2023-01-15T15:59:39.864Z,1.504,127.2611,138.509,4.9
2023-01-15T14:10:32.657Z,31.73307935,-104.2502568,7.005639647999999,2.5
2023-01-15T13:55:16.858Z,38.4004,75.2518,140.89,4.2
2023-01-15T13:15:39.780Z,47.3884,153.1104,65.425,4.7
2023-01-15T12:28:15.040Z,11.4334,124.6663,10,4.8
2023-01-15T12:05:26.120Z,20.25583333,-155.5881667,31.77,2.68
2023-01-15T12:04:17.421Z,-14.9531,166.8895,29.099,5.6
2023-01-15T11:37:36.959Z,25.036,125.8199,42.637,5
2023-01-15T11:32:35.700Z,36.0741667,-117.8838333,4.66,2.48
2023-01-15T11:27:15.870Z,-8.7175,-74.3836,165.819,4.5
2023-01-15T09:37:11.920Z,36.0906667,-121.726,17.8,2.45
2023-01-15T09:08:55.891Z,61.6343,-151.8413,101.6,3
2023-01-15T08:43:28.700Z,18.68733333,-67.0185,53.5,2.91
2023-01-15T07:51:39.185Z,-11.347,166.4131,156.506,4.7
2023-01-15T07:42:44.761Z,10.6798,-40.9794,10,4.7
2023-01-15T07:32:17.694Z,1.6625,126.619,71.456,4.5
2023-01-15T06:41:36.190Z,18.189,-68.3805,82,3.74
2023-01-15T06:18:24.989Z,19.3853,145.3354,203.295,4.7
2023-01-15T05:52:49.970Z,18.14033333,-66.9365,16.79,2.5
2023-01-15T05:32:27.543Z,-15.5396,168.1451,23.602,5.2
2023-01-15T04:42:15.080Z,29.9713,139.1868,397.549,5.2
2023-01-15T04:32:55.560Z,-17.9034,168.4539,151.267,4.8
2023-01-15T04:03:06.634Z,21.9399,96.0213,10,4.3
2023-01-15T03:36:28.193Z,38.4173,39.1302,10,4.7
2023-01-15T03:35:31.271Z,-6.3735,128.0365,348.532,4.4
2023-01-15T02:37:57.668Z,16.1159,-87.062,10,4.5
2023-01-15T02:11:03.666Z,-13.4958,168.8074,10,4.6
2023-01-15T02:03:06.891Z,31.69059455,-104.2870927,6.954223633,2.7
2023-01-15T01:28:40.000Z,19.24383333,-155.508,8.65,3.28
2023-01-15T00:18:02.520Z,18.673,-66.20433333,61.29,2.64
2023-01-14T22:45:32.759Z,-13.4851,165.5465,10,4.5
2023-01-14T22:15:01.223Z,1.6044,126.746,59.935,4.2
2023-01-14T20:47:26.598Z,13.5884,125.3902,10,4.4
2023-01-14T20:32:18.307Z,-6.2031,106.7071,151.99,4.8
2023-01-14T20:25:39.375Z,31.73880063,-104.1118547,7.725463867,2.7
2023-01-14T20:19:25.490Z,53.3396,-164.1066,35,3.1
2023-01-14T20:09:51.057Z,0.0894,125.9544,69.584,4.1
2023-01-14T19:54:29.985Z,55.18,162.8932,10,4.1
2023-01-14T19:53:40.301Z,-41.0212,42.855,10,4.3
2023-01-14T19:40:26.204Z,25.1721,122.5648,179.692,4.3
2023-01-14T19:34:07.631Z,3.53,122.8718,543.489,4.2
2023-01-14T19:28:12.327Z,-3.8072,101.3371,48.613,4.2
2023-01-14T18:18:29.873Z,6.8486,-73.127,148.074,4.5
2023-01-14T17:55:46.849Z,31.61524355,-103.9685593,6.594311523,2.7
2023-01-14T16:53:11.291Z,19.98,145.7505,90.19,4.9
2023-01-14T16:06:47.643Z,-17.8169,-178.449,542.985,4.2
2023-01-14T14:31:25.717Z,-14.9944,166.7217,10,5.1
2023-01-14T13:43:13.203Z,-7.3507,155.7238,10,4.7
2023-01-14T12:43:09.389Z,34.5718,23.9149,10,4.2
2023-01-14T11:58:44.852Z,-30.9721,-71.8592,47.854,4.4
2023-01-14T11:19:29.650Z,19.2295,-155.4378333,32.56,2.66
2023-01-14T10:27:02.252Z,31.68030272,-104.3930696,7.159887695,2.5
2023-01-14T09:00:03.330Z,53.50033333,-167.6098333,-1,2.7
2023-01-14T08:02:28.528Z,32.9847,92.494,10,4.1
2023-01-14T07:39:32.922Z,51.0486,100.046,10.122,4.5
2023-01-14T07:24:03.317Z,12.4785,-87.7465,60.575,4.4
2023-01-14T06:48:10.715Z,-9.1587,123.3533,90.263,4.5
2023-01-14T06:27:22.078Z,44.6723,-68.5826,8.501,3.3
2023-01-14T06:05:25.693Z,37.262,-114.5891,6.2,2.7
2023-01-14T05:15:02.868Z,51.3085,177.1744,35,3.4
2023-01-14T04:26:06.939Z,-37.3547,30.929,10,4.6
2023-01-14T04:20:22.308Z,31.9736,138.1283,364.063,4.2
2023-01-14T04:10:32.845Z,-7.3378,128.8142,152.664,4.6
2023-01-14T04:03:45.150Z,17.99466667,-66.88333333,12.04,2.52
2023-01-14T03:18:38.792Z,-22.3372,-178.8303,417.937,4.2
2023-01-14T03:06:21.670Z,38.5285,-119.5205,5.56,3.2
2023-01-14T01:00:49.900Z,-23.4386,-179.7264,529.543,4.4
2023-01-13T22:40:57.896Z,-5.2261,102.9725,35,5.3
2023-01-13T22:25:43.996Z,-6.2641,130.1208,126.498,4.5
2023-01-13T21:00:37.687Z,-32.8413,-70.2258,114.379,3.9
2023-01-13T20:42:55.325Z,-5.806,149.3893,123.458,4.9
2023-01-13T20:33:59.470Z,18.01566667,-67.1035,14.93,2.46
2023-01-13T18:16:14.340Z,18.054,-68.6671,81,3.75
2023-01-13T17:55:18.485Z,58.1546,-148.414,35,2.8
2023-01-13T17:37:27.924Z,-20.7406,-70.337,41.509,4.2
2023-01-13T17:03:31.070Z,18.41983333,-64.89133333,83.86,3.43
2023-01-13T16:41:41.411Z,6.8828,-72.9892,148.824,4.5
2023-01-13T16:32:18.660Z,-17.1241,-176.7441,10,4.5
2023-01-13T15:41:43.355Z,-2.8094,138.4179,46.245,4.8
2023-01-13T15:35:20.698Z,-14.9138,166.5463,35,4.5
2023-01-13T15:03:54.401Z,1.6913,127.3095,120.401,4.3
2023-01-13T15:02:36.475Z,23.9532,122.3437,24.681,4.9
2023-01-13T12:59:33.788Z,56.6922,-135.9336,2.8,3.1
2023-01-13T12:44:50.654Z,-7.0775,130.2772,87.786,4.6
2023-01-13T12:30:30.697Z,44.3578,79.3094,10,4.4
2023-01-13T11:04:46.197Z,60.2554,-152.49,85,3.8
2023-01-13T10:04:24.496Z,50.5516,-174.0569,10,2.9
2023-01-13T10:02:52.520Z,40.5245,-124.41,18.4,3.5
2023-01-13T09:13:06.985Z,-58.7004,-25.3079,35,4.9
2023-01-13T08:10:49.089Z,62.5762,-151.6767,91.5,2.5
2023-01-13T08:02:10.470Z,41.1438333,-123.465,37.72,2.69
2023-01-13T07:21:54.688Z,6.9196,-73.1465,152.087,4.5
2023-01-13T07:01:26.343Z,64.738,-149.2151,13.6,2.6
2023-01-13T06:26:40.760Z,19.20783333,-155.3921667,32.07,2.78
2023-01-13T06:11:25.550Z,19.205,-155.3973333,30.75,3.43
2023-01-13T06:03:53.093Z,56.1463,-149.6744,13.968,3
2023-01-13T05:43:10.483Z,-20.5228,-178.1045,479.867,4.5
2023-01-13T05:03:35.201Z,-21.3025,-178.6053,514.553,4.3
2023-01-13T04:17:23.055Z,-31.5795,-69.2014,31.39,4.5
2023-01-13T03:47:17.505Z,5.028,127.4063,108.618,4.4
2023-01-13T03:31:36.646Z,34.6785,25.276,45.386,4.5
2023-01-13T03:06:06.232Z,84.1027,108.789,10,4.2
2023-01-13T02:58:47.350Z,18.7365,-64.6135,46.22,3.41
2023-01-13T01:19:30.759Z,-0.2549,129.6758,10,4.9
2023-01-13T01:00:06.990Z,56.8589,-135.821,10.2,3.1
2023-01-13T00:43:14.352Z,31.71690389,-104.2668325,7.005639647999999,2.5
2023-01-13T00:42:47.045Z,-13.9275,166.3627,26.694,5
2023-01-13T00:36:54.728Z,56.6528,-136.092,15,3.4
2023-01-12T21:48:17.480Z,2.1578,125.9267,9.376,4.7
2023-01-12T21:26:09.484Z,-17.5869,-178.8066,557.665,4.3
2023-01-12T20:51:16.261Z,-23.8183,69.6058,10,4.6
2023-01-12T20:43:44.481Z,-18.7323,169.1996,234.706,4.4
2023-01-12T20:40:48.851Z,35.5003,36.6702,10,4.4
2023-01-12T20:24:21.629Z,-23.5786,-179.6793,538.93,4.3
2023-01-12T20:18:25.216Z,-2.4883,140.6713,10.179,4.9
2023-01-12T19:48:37.680Z,17.9485,-66.806,9.66,2.9
2023-01-12T19:14:56.707Z,-19.9753,-179.0413,653.645,4.2
2023-01-12T17:35:42.920Z,2.1699,128.3152,164.234,4.4
2023-01-12T16:28:51.469Z,-21.8944,179.6975,597.8,5.5
2023-01-12T16:12:40.291Z,-22.3215,-68.8657,112.364,4.1
2023-01-12T16:11:22.270Z,18.3923,-68.8998,102,4
2023-01-12T15:05:24.160Z,54.7009,-156.8112,33.8,2.9
2023-01-12T15:04:50.000Z,54.71,-156.86,10,2.9
2023-01-12T14:27:16.560Z,35.5923333,-117.3818333,6.82,2.5
2023-01-12T14:24:09.972Z,-30.6312,-71.3471,52.784,4.8
2023-01-12T14:21:29.799Z,51.2029,-177.4277,45.9,2.6
2023-01-12T14:20:27.009Z,54.549,-159.7461,15.2,3.1
2023-01-12T14:16:22.641Z,-23.3615,-174.8354,10,4.6
2023-01-12T14:06:13.020Z,18.2111,-68.5503,121,3.6
2023-01-12T14:02:54.586Z,-24.3272,179.4489,543.643,4.6
2023-01-12T13:52:11.977Z,-31.1674,-176.9682,10,4.6
2023-01-12T13:14:02.076Z,-18.4267,-69.4541,145.936,4.8
2023-01-12T12:28:33.653Z,-23.2748,-174.7875,10,5.3
2023-01-12T11:39:54.468Z,51.158,-177.3947,32.3,2.5
2023-01-12T11:29:29.300Z,31.68535796,-104.3931148,6.131567383,2.6
2023-01-12T11:11:55.714Z,-23.2336,-174.7229,10,5.3
2023-01-12T10:47:36.700Z,-5.6298,147.6266,64.333,4.9
2023-01-12T10:21:50.865Z,-5.6587,147.5835,75.502,5.1
2023-01-12T09:56:59.685Z,-20.9392,-178.6425,624.212,4.4
2023-01-12T08:26:18.050Z,18.9486,-64.2588,10,3.67
2023-01-12T08:11:19.936Z,-23.3558,-174.6806,36.563,4.8
2023-01-12T08:07:27.610Z,37.75316667,-84.71866667,35.29,2.64
2023-01-12T06:20:32.835Z,52.2175,-167.9213,7.3,2.6
2023-01-12T06:19:11.474Z,-30.636,-71.2294,56.702,5.5
2023-01-12T05:38:43.491Z,-55.381,-127.0048,10,5.1
2023-01-12T05:00:32.282Z,-19.3719,-177.6127,371.858,4.1
2023-01-12T04:41:49.380Z,59.9498,-152.9513,111.7,2.5
2023-01-12T04:20:21.998Z,38.1836,-116.7029,11.5,3.3
2023-01-12T04:02:16.113Z,40.3812,-125.7807,10,2.9
2023-01-12T02:54:20.643Z,6.8031,-73.0451,151.745,4.4
2023-01-12T02:53:37.132Z,52.2285,-168.1087,16.7,2.8
2023-01-12T02:53:35.521Z,40.561,-125.602,10,2.6
2023-01-12T02:53:15.330Z,-6.6901,130.3742,73.501,4.2
2023-01-12T02:43:39.560Z,17.976,-66.9795,6.79,2.48
2023-01-12T02:32:28.840Z,18.38883333,-66.41633333,104.15,2.82
2023-01-12T02:02:01.922Z,37.2682,20.9394,36.719,4.3
2023-01-12T01:43:35.698Z,-9.9809,159.0549,10,4.6
2023-01-12T01:42:26.740Z,19.1571,-68.9906,2,3.72
2023-01-12T01:23:48.769Z,54.238,-162.5044,28.6,2.5
2023-01-12T01:22:45.534Z,26.8052,53.7556,10,4.2
2023-01-11T21:39:29.434Z,63.6312,-149.3442,106.3,2.6
2023-01-11T21:21:22.090Z,18.4535,-68.9225,112,4.01
2023-01-11T20:58:42.710Z,18.7895,-67.3775,29.43,3.05
2023-01-11T20:20:13.019Z,-25.5106,-70.9392,35,4
2023-01-11T19:59:53.349Z,-17.3933,175.5195,10,4.6
2023-01-11T19:56:53.495Z,68.4788,-148.5772,9.393,2.5
2023-01-11T19:55:04.263Z,0.034,123.5123,120.214,4.5
2023-01-11T19:18:08.104Z,31.58090837,-104.0609072,6.594311523,2.9
2023-01-11T18:59:20.030Z,33.6998333,-116.7613333,15.82,3.23
2023-01-11T18:38:37.391Z,-19.364,-177.4169,556.582,4.1
2023-01-11T17:35:23.870Z,37.81,-113.1261667,13.14,2.53
2023-01-11T17:21:42.950Z,40.5213333,-124.9323333,17.86,4.05
2023-01-11T16:19:37.848Z,35.333,141.1841,24.784,4.7
2023-01-11T16:17:45.876Z,-49.8606,-114.3039,10,6
2023-01-11T16:07:40.924Z,-29.912,-176.9651,10,4.6
2023-01-11T15:59:16.249Z,-49.4965,-114.5705,10,4.9
2023-01-11T15:46:29.634Z,50.9211,-178.0724,10,2.6
2023-01-11T15:21:36.779Z,60.5731,-152.7649,119.4,2.6
2023-01-11T15:17:25.937Z,-14.6664,166.8198,10,4.2
2023-01-11T15:14:33.864Z,-31.4078,-68.808,107.895,4.6
2023-01-11T14:50:52.886Z,56.5234,-149.2287,3.3,3
2023-01-11T14:00:01.267Z,-4.7661,151.556,126.023,4.3
2023-01-11T13:12:17.951Z,31.72151906,-104.3043001,7.185595703,2.6
2023-01-11T13:08:01.597Z,61.5986,-147.7993,14.3,2.5
2023-01-11T12:58:59.482Z,46.2286,154.7309,10,4.5
2023-01-11T12:03:30.717Z,-21.5202,-68.5084,150.73,4.2
2023-01-11T11:53:27.273Z,-6.7728,131.4171,25.592,5
2023-01-11T11:45:41.114Z,43.6598,-129.0905,10,3.6
2023-01-11T11:35:12.846Z,-23.2975,-175.6789,10,4.5
2023-01-11T11:34:08.572Z,-23.1878,-175.3489,10,4.7
2023-01-11T11:30:27.799Z,-23.2118,-175.3039,10,5.6
2023-01-11T11:28:50.616Z,43.6116,-128.6762,10,3.5
2023-01-11T11:11:57.057Z,6.2073,60.8238,10,4.4
2023-01-11T10:56:13.852Z,44.2715,-115.1448,10,2.5
2023-01-11T10:25:12.115Z,-55.6879,-26.4725,10,4.4
2023-01-11T10:17:18.278Z,43.9642,-128.7292,10,5
2023-01-11T10:15:24.503Z,-16.5558,-74.1721,10,4.5
2023-01-11T10:11:01.141Z,43.6777,-128.6231,10,4.5
2023-01-11T09:52:28.318Z,37.943,27.3214,10,3.2
2023-01-11T09:43:19.602Z,-14.7507,166.9029,15.236,4.5
2023-01-11T09:32:30.130Z,59.3533,-153.1014,82.5,2.5
2023-01-11T09:25:52.767Z,-14.9015,166.9215,25.501,4.5
2023-01-11T08:39:53.573Z,-14.8554,166.7486,10,5.8
2023-01-11T08:23:15.439Z,50.4042,-177.2449,10,4
2023-01-11T07:59:22.456Z,-2.8734,136.9266,66.772,4.8
2023-01-11T07:00:48.085Z,60.1489,-141.0043,11,4.8
2023-01-11T06:35:28.090Z,17.95933333,-67.03633333,6.34,2.51
2023-01-11T05:59:29.587Z,51.9896,-177.2004,102.4,2.5
2023-01-11T05:36:16.090Z,-60.1523,-28.1966,10.537,4.6
2023-01-11T05:19:06.825Z,55.492,-149.3458,12.044,3
2023-01-11T04:50:15.920Z,40.9251667,-111.6248333,6.72,2.88
2023-01-11T04:42:09.359Z,23.2255,121.4388,30.859,4.2
2023-01-11T04:04:47.460Z,18.945,-67.34933333,22.15,3.14
2023-01-11T03:49:31.576Z,-16.304,-174.2223,130.568,4.5
2023-01-11T03:28:43.234Z,53.8178,-165.0324,53.404,3.6
2023-01-11T03:20:47.307Z,1.5255,127.1206,130.113,4.4
2023-01-11T03:19:44.637Z,35.4403,139.1944,22.345,4.4
2023-01-11T02:51:00.170Z,40.8701667,-111.5825,6.26,2.46
2023-01-11T01:48:07.311Z,-7.9872,129.897,10,4.4
2023-01-11T01:22:51.058Z,62.1738,-150.5815,3.8,2.5
2023-01-11T01:15:30.162Z,-14.7553,166.7974,10,4.7
2023-01-11T01:12:12.785Z,54.8104,-157.0897,76.8,2.5
2023-01-11T01:07:37.711Z,42.9735,18.1489,10,3
2023-01-11T01:06:51.388Z,52.2019,-170.3563,33,3
2023-01-11T01:04:21.423Z,-21.0386,-177.7685,505.981,4.2
2023-01-11T00:41:27.280Z,38.8269997,-122.7621689,-0.89,2.65
2023-01-10T23:35:02.029Z,-5.518,102.8032,34.727,4.3
2023-01-10T23:00:07.145Z,11.2892,91.8207,20.942,4.1
2023-01-10T22:52:22.493Z,-2.8053,141.8287,23.093,4.4
2023-01-10T22:33:33.440Z,54.7651,-156.9271,32.9,2.9
2023-01-10T21:45:52.372Z,58.077,-142.6104,10,2.5
2023-01-10T21:45:14.116Z,-0.9776,10.2588,10,4.6
2023-01-10T21:44:41.504Z,54.8453,-156.8723,20.7,2.5
2023-01-10T21:27:07.050Z,36.8343333,-121.5731667,6.16,2.99
2023-01-10T21:25:34.443Z,54.8073,-156.8366,20.1,2.6
2023-01-10T21:08:39.159Z,54.6674,-156.6618,15.2,3.1
2023-01-10T20:35:47.813Z,54.8089,-156.9437,31.3,2.8
2023-01-10T20:21:37.722Z,54.8063,-156.9389,14,3.8
2023-01-10T20:13:10.229Z,55.1987,-156.7946,10.9,3.4
2023-01-10T20:10:14.018Z,54.715,-157.0884,25.9,2.8
2023-01-10T20:04:16.161Z,54.6707,-156.9348,33,3.2
2023-01-10T19:47:15.088Z,-27.7125,-63.2417,582.531,5.1
2023-01-10T19:42:02.621Z,54.6549,-156.8296,22.4,5
2023-01-10T19:37:01.550Z,18.8263,-64.3388,22,3.76
2023-01-10T18:54:38.679Z,51.1391,-178.1392,20.6,3.2
2023-01-10T18:32:14.700Z,40.9488333,-124.0303333,22.2,3.61
2023-01-10T18:11:09.764Z,35.5673,25.883,10.264,4.4
2023-01-10T17:11:25.969Z,-31.7346,-67.1856,134.666,4
2023-01-10T16:56:02.099Z,53.9328,-166.4083,9.905,2.7
2023-01-10T16:27:46.884Z,-6.2863,147.4343,68.799,4.3
2023-01-10T16:17:05.364Z,27.6695,56.1949,10,4.3
2023-01-10T16:02:02.089Z,51.921,178.629,10,2.6
2023-01-10T16:01:46.672Z,31.67959131,-104.3602233,5.565991211000001,2.5
2023-01-10T15:34:50.590Z,36.0841667,-118.9036667,7.64,3.15
2023-01-10T15:17:04.627Z,-17.3885,-174.378,168.708,4.6
2023-01-10T14:43:42.886Z,-20.2956,-177.636,524.576,4.2
2023-01-10T14:08:42.300Z,11.7025,143.1725,10,4.9
2023-01-10T14:05:23.658Z,52.0546,179.9245,150.6,2.5
2023-01-10T13:23:21.665Z,51.9075,-171.487,20.4,2.9
2023-01-10T13:09:45.932Z,32.47650146,-102.0206507,9.121622721,2.6
2023-01-10T12:19:51.260Z,19.238,-68.9336,5,4.08
2023-01-10T10:54:48.397Z,52.8964,-167.4238,25.3,2.5
2023-01-10T09:44:19.767Z,-21.7862,-68.5932,162.273,4.3
2023-01-10T09:05:46.001Z,55.3437,-149.2659,12.069,4
2023-01-10T08:27:45.701Z,12.1672,-88.2306,39.367,4.7
2023-01-10T08:21:24.225Z,-10.6927,166.06,172.13,5
2023-01-10T07:42:58.395Z,38.1589,74.1477,171.45,4.4
2023-01-10T07:41:31.435Z,50.208,-174.0964,6.5,2.7
2023-01-10T07:38:31.473Z,39.455,26.2697,10,4.9
2023-01-10T06:59:49.720Z,37.7398333,-122.128,6.75,2.72
2023-01-10T06:35:34.006Z,-2.4396,140.704,24.413,4.2
2023-01-10T06:19:01.530Z,18.1315,-67.23983333,19.61,2.62
2023-01-10T06:13:47.520Z,19.55333333,-156.0043333,36.72,2.67
2023-01-10T06:01:52.710Z,18.8468,-64.405,37,3.83
2023-01-10T05:48:35.002Z,53.1421,-166.8644,35,3.2
2023-01-10T05:24:48.618Z,-15.0035,167.2362,109.853,5.7
2023-01-10T04:45:04.240Z,17.9865,-66.8863,13,3.52
2023-01-10T04:29:14.153Z,14.0287,145.0201,141.317,4.4
2023-01-10T04:05:45.371Z,-18.1047,-177.8817,620.364,4.1
2023-01-10T03:54:42.166Z,46.4367,149.6426,175.597,4
2023-01-10T02:54:40.876Z,52.2201,159.8177,35,4.4
2023-01-10T02:49:33.074Z,-7.0226,129.9937,93.765,4.5
2023-01-10T02:39:01.334Z,-39.1366,-91.3738,10,4.4
2023-01-10T01:43:03.620Z,26.7458,96.539,57.15,4.6
2023-01-10T01:22:01.836Z,52.6498,-168.5549,29.8,3.2
2023-01-10T00:16:14.530Z,52.2154,-168.1442,17.9,2.8
2023-01-10T00:12:13.230Z,19.32066667,-64.79533333,23.54,3.43
2023-01-09T23:57:54.409Z,51.5073,176.8714,26.9,2.6
2023-01-09T23:56:11.060Z,19.25666667,-64.88933333,7.12,3.26
2023-01-09T23:51:03.447Z,-60.2794,-28.2423,10,4.8
2023-01-09T23:33:37.734Z,53.8808,-165.1234,55.597,3.8
2023-01-09T23:23:53.094Z,31.67798749,-104.3957406,6.440063477,3.1
2023-01-09T22:59:58.151Z,35.5311,25.8453,10,4.3
2023-01-09T22:41:28.087Z,-6.2921,104.8324,57.413,4.8
2023-01-09T22:40:40.127Z,53.094,-166.8632,35,3
2023-01-09T22:28:44.891Z,-31.1902,-13.3584,10,4.8
2023-01-09T22:20:28.555Z,-7.0822,129.9562,97.941,4.2
2023-01-09T21:49:02.500Z,36.8201667,-121.555,3.94,2.84
2023-01-09T21:40:34.417Z,-17.842,-178.0687,497.676,4.5
2023-01-09T21:28:09.512Z,15.9298,41.7705,10,4.9
2023-01-09T21:25:22.106Z,-7.1707,129.7044,77.896,4.5
2023-01-09T21:23:19.200Z,19.173,-155.5003333,31.42,3.11
2023-01-09T21:21:54.599Z,-15.5003,166.5448,29.399,5
2023-01-09T19:58:32.484Z,52.0867,-165.9995,25.1,2.5
2023-01-09T19:42:56.460Z,33.396,-116.3966667,4.89,3.18
2023-01-09T19:36:18.786Z,-15.1927,166.7571,37.476,4.7
2023-01-09T18:43:55.583Z,-7.1371,130.0813,91.237,4.1
2023-01-09T18:40:00.986Z,-15.0536,166.7769,9.366,4.4
2023-01-09T18:09:53.934Z,-7.0874,130.0757,107.572,5.4
2023-01-09T17:49:05.960Z,38.7881667,-122.7616667,2.03,2.7
2023-01-09T17:47:35.057Z,-7.0642,130.0039,105.249,7.6
2023-01-09T17:31:12.500Z,15.9951,41.7008,10,4.7
2023-01-09T17:22:52.045Z,-14.9001,-177.4626,378.112,4.4
2023-01-09T17:17:15.247Z,-8.7684,124.5085,35,4.4
2023-01-09T17:08:51.010Z,33.4215,142.0726,10,4.3
2023-01-09T16:48:10.190Z,19.56816667,-156.2431667,32.42,2.71
2023-01-09T16:03:08.968Z,52.8854,-161.7932,12,2.9
2023-01-09T14:45:26.458Z,51.5112,-178.3937,4.9,3.1
2023-01-09T14:40:04.330Z,39.9291667,-120.747,2.32,2.75
2023-01-09T14:26:51.770Z,36.5941667,-121.2033333,6.82,2.5
2023-01-09T13:57:57.045Z,-59.2281,-25.5739,35,4.8
2023-01-09T12:51:34.613Z,24.299,98.7509,10,4.2
2023-01-09T12:32:45.190Z,18.91733333,-65.144,23.52,3.14
2023-01-09T12:26:31.350Z,-9.057,111.1211,55.39,5.2
2023-01-09T11:54:04.060Z,14.7007,145.5852,124.461,4.6
2023-01-09T11:31:48.858Z,23.4009,121.3509,17.209,4.2
2023-01-09T11:12:21.298Z,-4.4396,149.9622,550.25,4.3
2023-01-09T11:05:28.493Z,-6.8093,129.5281,149.654,4.4
2023-01-09T11:01:37.140Z,29.6048,-43.0026,10,4.4
2023-01-09T10:47:49.280Z,36.1711667,-118.029,2.17,2.63
2023-01-09T09:09:45.056Z,-20.0359,-69.3901,116.451,4.2
2023-01-09T08:46:47.910Z,19.00916667,-65.09466667,28.6,3.17
2023-01-09T08:45:57.564Z,31.60961496,-104.0029631,9.936352539,2.8
2023-01-09T08:43:57.104Z,-28.7823,-72.7986,10,4.3
2023-01-09T08:37:57.274Z,41.6731,143.4023,37.415,4.2
2023-01-09T08:17:04.259Z,-20.741,-178.7526,593.383,4.4
2023-01-09T07:53:12.013Z,28.94989014,-98.02286305,3.399210612,2.5
2023-01-09T07:22:58.641Z,-7.1675,125.3648,441.234,4.3
2023-01-09T07:11:57.677Z,35.5454,25.8502,10,4.1
2023-01-09T06:24:17.232Z,-5.2463,153.3525,36.269,5.2
2023-01-09T06:24:04.480Z,41.9789,-119.5431,2.9,2.6
2023-01-09T06:10:36.369Z,44.5287,-114.6635,17.344,2.6
2023-01-09T05:26:59.550Z,19.17566667,-155.5011667,31.27,2.7
2023-01-09T04:48:16.893Z,36.5315,70.9571,193.763,4
2023-01-09T04:35:53.887Z,-14.7608,166.9993,14.712,4.4
2023-01-09T04:33:36.909Z,-9.0802,123.9138,117.27,4.1
2023-01-09T03:45:28.566Z,-9.0024,124.1028,102.413,4.4
2023-01-09T02:50:39.199Z,40.3766,19.4481,15.967,4.1
2023-01-09T02:39:30.010Z,-14.8832,166.6408,10,4.4
2023-01-09T02:05:20.146Z,-24.0611,-67.0607,202.486,4.2
2023-01-09T02:02:10.199Z,31.60753993,-103.9702739,8.329602051,2.7
2023-01-09T01:48:00.142Z,-14.9463,166.7685,10,5
2023-01-09T01:46:13.087Z,-14.9141,166.9082,30.524,5.2
2023-01-09T00:37:38.264Z,-14.9368,166.7335,37.928,4.8
2023-01-09T00:09:37.029Z,-14.9974,166.7066,36.037,4.2
2023-01-08T22:54:19.247Z,-8.698,122.8654,125.934,4
2023-01-08T22:33:21.160Z,37.058,71.3902,117.646,4.6
2023-01-08T22:20:11.475Z,28.93890381,-98.03733915,4.915405273,3.4
2023-01-08T21:47:29.447Z,31.006442,-103.6457569,10.70759277,3.2
2023-01-08T21:12:18.189Z,-15.0776,166.9387,34.436,4.6
2023-01-08T20:56:34.389Z,-15.191,166.9059,36.526,4.4
2023-01-08T20:23:58.691Z,-21.0474,-68.6382,128.382,4.3
2023-01-08T20:02:04.863Z,1.5351,128.2597,81.403,4.3
2023-01-08T19:57:15.995Z,-8.8992,-108.538,10,4.6
2023-01-08T19:47:02.832Z,-15.1262,166.6284,10,4.4
2023-01-08T19:38:29.302Z,14.6033,144.2877,8.225,4.3
2023-01-08T19:35:55.290Z,17.82283333,-66.907,12.23,2.51
2023-01-08T19:31:29.435Z,60.4692,-152.0598,89.4,2.7
2023-01-08T19:28:46.781Z,-33.0169,-71.356,55.979,4.3
2023-01-08T18:32:24.317Z,-25.8928,179.8259,492.273,4.6
2023-01-08T18:29:12.038Z,55.3675,-154.0944,11.5,2.6
2023-01-08T18:16:20.124Z,-15.131,166.9092,43.662,4.6
2023-01-08T18:11:46.508Z,60.2086,-152.4404,87.6,3.6
2023-01-08T17:15:08.903Z,-15.1071,166.7275,35,5
2023-01-08T17:12:57.253Z,-24.2781,179.9441,489.216,4.4
2023-01-08T16:49:21.794Z,-15.2096,166.8575,35,4.7
2023-01-08T16:36:15.920Z,51.9785,-176.0136,126.7,2.5
2023-01-08T16:28:14.735Z,37.7857,126.2032,13.218,3.6
2023-01-08T15:33:39.351Z,-15.2982,166.4209,35,4.6
2023-01-08T15:06:29.739Z,-15.1966,166.935,35,4.6
2023-01-08T15:03:20.821Z,-15.1089,166.8434,35,4.8
2023-01-08T14:11:27.791Z,-15.1022,166.8217,35,4.1
2023-01-08T14:09:02.779Z,55.9716,162.636,49.284,4.6
2023-01-08T14:07:47.695Z,31.15251661,-103.7240474,9.57644043,2.6
2023-01-08T14:04:46.717Z,31.61160046,-103.9577843,6.028735352,2.5
2023-01-08T13:50:08.737Z,-15.1521,166.7046,35,4.7
2023-01-08T13:48:00.547Z,-21.0805,-176.4039,213.302,4.2
2023-01-08T13:35:02.752Z,-15.1874,166.8996,35,4.4
2023-01-08T13:24:30.153Z,-15.1082,166.9271,35,4.8
2023-01-08T13:23:29.749Z,52.1964,179.3919,179.97,4.2
2023-01-08T13:14:57.823Z,-15.1061,166.8244,35,4.6
2023-01-08T13:03:50.697Z,-15.1514,166.7468,35,4.8
2023-01-08T13:02:32.206Z,-14.9874,166.8291,35,4.8
2023-01-08T12:59:04.071Z,-15.0166,166.6938,28.251,4.7
2023-01-08T12:51:28.586Z,-15.0113,166.6939,35,4.2
2023-01-08T12:49:04.608Z,-15.0854,166.6611,34.645,4.8
2023-01-08T12:48:16.164Z,-14.8069,166.7606,35,4.2
2023-01-08T12:42:44.625Z,53.9135,-165.5983,79.28,3.4
2023-01-08T12:40:23.359Z,-14.968,166.8093,35,4.8
2023-01-08T12:32:42.219Z,-14.9383,166.8778,27.719,7
2023-01-08T11:31:32.827Z,-7.516,147.1755,54.823,4.4
2023-01-08T10:44:59.725Z,38.6604,75.7027,10,4.2
2023-01-08T10:27:49.405Z,61.351,-149.5651,30.3,2.9
2023-01-08T10:22:40.092Z,53.2476,-164.453,19.907,4.8
2023-01-08T10:00:42.480Z,19.2146,-155.4858,36.322,2.6
2023-01-08T10:00:31.054Z,-18.2202,-177.8804,507.318,4.3
2023-01-08T09:25:06.770Z,19.0355,-65.0655,22.51,2.87
2023-01-08T09:19:05.903Z,51.5723,178.662,71.246,2.6
2023-01-08T08:58:40.240Z,18.9135,-64.70866667,42.57,3.39
2023-01-08T08:46:47.610Z,19.02266667,-65.02566667,10.57,3.28
2023-01-08T08:35:08.330Z,17.93716667,-67.02566667,10.51,2.86
2023-01-08T07:54:36.080Z,18.97433333,-65.12483333,33.08,3.27
2023-01-08T07:44:38.562Z,-9.1375,-108.3746,10,4.7
2023-01-08T07:42:56.600Z,38.7941666,-122.7473297,-0.63,2.66
2023-01-08T07:28:30.306Z,63.2225,-150.6819,128.4,3.6
2023-01-08T07:12:28.022Z,52.0288,-175.2156,99.7,2.7
2023-01-08T06:59:38.660Z,19.0126,-65.0768,23,4.16
2023-01-08T06:49:12.855Z,60.0457,-152.9715,113.4,2.6
2023-01-08T06:39:55.744Z,-32.5324,57.1292,10,4.8
2023-01-08T06:18:08.511Z,-44.6466,167.3898,12.931,4.5
2023-01-08T05:54:06.534Z,9.4284,-85.4572,36.554,4.5
2023-01-08T05:22:59.886Z,52.3946,-169.5119,14.4,2.7
2023-01-08T04:38:01.297Z,53.3304,171.2831,35,2.9
2023-01-08T03:37:44.088Z,-17.8,-178.6206,547.133,4.1
2023-01-08T02:49:01.299Z,59.7946,-142.334,15.7,2.7
2023-01-08T02:27:07.287Z,31.60435823,-103.9589637,7.764025879,2.5
2023-01-08T02:04:19.513Z,-22.4016,-177.9185,361.272,4.1
2023-01-08T02:03:02.307Z,16.3666,-93.951,108.345,4.1
2023-01-08T01:16:25.680Z,37.0671,141.5081,42.781,4.6
2023-01-08T00:50:26.470Z,19.20166667,-155.6793333,0.88,2.57
2023-01-08T00:49:42.050Z,51.7957,-175.9533,212.1,2.8
2023-01-08T00:32:41.379Z,36.2404,143.0013,10,4.5
2023-01-07T23:11:48.080Z,18.26916667,-67.11516667,22.64,2.79
2023-01-07T23:00:34.024Z,7.5823,126.4929,145.576,4.9
2023-01-07T21:18:36.949Z,11.9644,92.6224,31.088,4.2
2023-01-07T21:16:54.330Z,19.19983292,-155.380661,32.45999908,2.52
2023-01-07T20:59:34.945Z,50.5111,155.2432,142.623,4.6
2023-01-07T20:23:20.447Z,-4.4409,144.2064,97.74,4.5
2023-01-07T20:01:33.816Z,51.171,-179.2929,35,2.5
2023-01-07T19:02:08.020Z,18.8863,-68.9785,62,3.82
2023-01-07T18:51:36.545Z,-21.5795,-179.1652,582.979,4.6
2023-01-07T17:36:44.626Z,50.1393,179.8411,10,3.1
2023-01-07T16:40:24.908Z,-3.8105,133.4705,10,4.8
2023-01-07T16:39:22.120Z,37.4293333,-121.7856667,4.14,2.46
2023-01-07T16:18:57.351Z,-56.349,-27.4039,74.758,4.9
2023-01-07T15:30:35.535Z,-16.2467,-174.0051,183.894,5.3
2023-01-07T14:42:37.775Z,37.4697,141.6841,49.478,4.7
2023-01-07T13:35:40.825Z,54.3798,-159.7582,23.8,2.9
2023-01-07T12:39:06.991Z,51.1802,-176.3466,55,3.3
2023-01-07T11:58:47.459Z,-10.0489,161.8872,121.188,4.6
2023-01-07T11:21:25.214Z,23.5066,121.4108,27.01,4.2
2023-01-07T10:45:03.214Z,19.5141,-109.2566,10,4.3
2023-01-07T10:35:04.960Z,18.08066667,-65,5.48,2.46
2023-01-07T09:20:53.870Z,19.01066667,-65.48866667,20.16,3.17
2023-01-07T08:58:10.315Z,-38.4187,176.0906,169.01,4.1
2023-01-07T08:49:03.981Z,-2.47,140.61,28.767,4.7
2023-01-07T08:39:36.213Z,65.2751,-173.4235,20,3.4
2023-01-07T08:12:28.096Z,34.995,-3.9011,10,4.9
2023-01-07T07:53:40.630Z,19.01366667,-65.48133333,42.29,3.43
2023-01-07T07:42:39.940Z,17.95066667,-66.9365,10.07,2.86
2023-01-07T06:51:35.200Z,17.95333333,-66.9945,6.92,3.11
2023-01-07T06:50:18.161Z,-0.1516,98.4365,30.796,4.3
2023-01-07T06:46:52.339Z,1.5312,126.4499,10,4.2
2023-01-07T06:39:29.727Z,39.4132,26.1996,12.538,4.6
2023-01-07T06:37:20.749Z,62.9021,-149.7031,71.3,2.5
2023-01-07T06:23:40.893Z,-32.0193,-69.4816,106.694,4.8
2023-01-07T05:48:11.956Z,67.4892,-166.7628,24.4,3.4
2023-01-07T05:36:09.930Z,19.14900017,-155.4248352,32.93999863,2.48
2023-01-07T05:26:55.119Z,50.4949,156.4062,85.336,4.2
2023-01-07T05:21:56.238Z,4.1528,122.796,581.105,4.5
2023-01-07T04:48:59.080Z,35.96716667,-89.89966667,8.26,2.52
2023-01-07T04:18:28.748Z,61.8991,-150.7732,58.9,3
2023-01-07T03:45:24.910Z,54.2817,-162.4949,10,2.7
2023-01-07T03:17:41.590Z,17.9415,-66.954,12.79,2.68
2023-01-07T03:01:24.756Z,-3.8657,133.3307,10,4.5
2023-01-07T02:55:45.230Z,17.948,-66.86683333,11.09,2.47
2023-01-07T02:43:19.643Z,51.6515,178.6854,72.008,2.8
2023-01-07T02:38:14.580Z,17.91766667,-65.88866667,6.21,3.07
2023-01-07T01:58:42.796Z,-31.4319,-68.5084,114.784,4
2023-01-07T01:52:58.082Z,39.3815,26.1631,10,4.7
2023-01-07T01:44:04.007Z,51.6458,178.823,73.72,2.7
2023-01-07T01:33:16.408Z,-7.7445,68.1067,10,4.5
2023-01-07T01:31:49.307Z,-34.3691,-72.3914,29.069,4.4
2023-01-07T00:30:50.279Z,52.0487,-176.211,119.4,3
2023-01-07T00:27:05.720Z,17.94816667,-66.956,12.08,2.9
2023-01-06T23:39:51.118Z,60.5919,-44.0962,10,4.3
2023-01-06T23:00:39.892Z,51.7941,-176.454,66.3,2.8
2023-01-06T22:48:08.180Z,18.40383333,-65.421,102.46,3.27
2023-01-06T22:27:47.603Z,-11.174,112.5291,10,4.5
2023-01-06T22:27:29.773Z,42.1708,145.0107,35,4.5
2023-01-06T21:52:20.416Z,54.6038,-159.7789,15,2.5
2023-01-06T21:14:02.200Z,35.946,-120.0101667,11.23,2.78
2023-01-06T20:55:40.909Z,60.7785,-44.1517,10.036,4.7
2023-01-06T20:47:56.917Z,1.9329,97.8206,61.913,4.5
2023-01-06T20:17:31.063Z,59.8061,-146.8832,18,2.7
2023-01-06T20:07:18.222Z,-16.8071,-174.5791,216.189,4.6
2023-01-06T20:06:20.184Z,-25.4042,-66.3023,216.542,4.9
2023-01-06T20:01:10.408Z,-19.9069,-178.1429,574.355,4.9
2023-01-06T18:54:17.106Z,56.5923,-149.2159,19.819,2.8
2023-01-06T17:49:14.543Z,25.5991,124.108,203.001,4.1
2023-01-06T17:00:52.209Z,39.6305,-107.4685,9.441,2.6
2023-01-06T16:50:03.148Z,-9.3395,-79.0612,61.187,4.5
2023-01-06T16:25:51.190Z,19.16683388,-155.5014954,33.47000122,2.48
2023-01-06T15:33:28.060Z,51.9903,-169.391,17.2,2.5
2023-01-06T14:35:43.350Z,18.7659,145.3589,254.727,3.7
2023-01-06T14:23:09.220Z,40.7335,-125.2478333,24.22,3.23
2023-01-06T14:14:29.109Z,-8.9505,156.2616,10,4.5
2023-01-06T13:59:55.490Z,18.51983333,-66.29233333,114.02,2.94
2023-01-06T13:33:01.275Z,-34.2206,-71.6465,50.337,4.3
2023-01-06T13:28:04.220Z,31.65838483,-104.2938384,6.131567383,3.4
2023-01-06T13:27:43.959Z,31.65741025,-104.3035189,6.388647461,2.6
2023-01-06T13:20:04.435Z,52.2534,-165.5877,10,2.7
2023-01-06T12:51:39.391Z,51.9476,-173.113,65.911,3.4
2023-01-06T12:33:17.462Z,-4.0222,-81.7315,8.451,4.4
2023-01-06T12:27:20.028Z,54.9836,-163.4285,164.18,2.8
2023-01-06T12:27:19.500Z,40.7068333,-124.2103333,18.71,3.27
2023-01-06T11:52:37.478Z,-24.7523,-179.9677,498.56,5.9
2023-01-06T10:24:54.498Z,44.3772,-115.1396,10,2.5
2023-01-06T09:01:22.470Z,18.8315,-67.168,47.4,3.37
2023-01-06T08:55:48.760Z,63.0076,-150.669,111.1,2.5
2023-01-06T08:47:33.596Z,53.4025,-166.9179,10,2.6
2023-01-06T06:38:36.458Z,-24.1567,-67.0685,188.315,4.4
2023-01-06T06:30:31.290Z,18.0415,-66.80533333,17.15,2.5
2023-01-06T05:36:05.545Z,-20.9554,168.9572,10,4.8
2023-01-06T05:04:38.812Z,-58.6175,-23.2816,10,5.4
2023-01-06T04:44:03.427Z,37.4215,137.1761,10,4.8
2023-01-06T04:37:07.380Z,19.24966621,-155.4001617,31.12999916,2.72
2023-01-06T04:32:04.261Z,31.69267064,-104.3632971,7.494091797,2.8
2023-01-06T04:22:39.380Z,19.33866667,-155.1933333,4.81,2.57
2023-01-06T04:03:52.567Z,21.1214,121.0554,10,4.3
2023-01-06T03:54:55.773Z,-28.3814,62.6111,10,4.5
2023-01-06T03:31:35.310Z,17.95383333,-65.45483333,14.02,3.29
2023-01-06T02:33:49.635Z,2.9032,-31.2399,10,4.6
2023-01-06T01:51:38.940Z,-2.4951,-12.2795,10,4.7
2023-01-06T01:42:04.995Z,65.2677,-165.5806,21.2,2.5
2023-01-06T01:28:19.570Z,19.41733333,-155.2796667,0.57,3.26
2023-01-06T00:09:11.726Z,50.5256,-174.8949,6.7,3.1
2023-01-05T23:31:57.180Z,19.076,-66.51883333,25.06,3.3
2023-01-05T22:45:21.207Z,36.4559,68.7554,10,4.2
2023-01-05T22:30:23.520Z,19.24766731,-155.3983307,32.13000107,2.47
2023-01-05T21:38:59.379Z,51.4956,178.4514,51.1,3
2023-01-05T20:53:51.335Z,54.2599,-162.5012,35,2.7
2023-01-05T20:53:27.330Z,18.1485,-67.66883333,66.04,3.25
2023-01-05T20:19:38.035Z,28.1684,127.9296,125.674,4.4
2023-01-05T19:54:34.482Z,38.9934,70.5966,10,4.3
2023-01-05T19:26:19.367Z,51.0781,-179.238,35,2.8
2023-01-05T19:08:18.897Z,-32.7044,-71.2805,57.554,4.2
2023-01-05T18:56:11.064Z,-5.4016,68.6411,10,4.9
2023-01-05T18:36:39.022Z,-38.8573,-92.1576,10,4.6
2023-01-05T18:22:53.039Z,60.7066,-150.6059,20.2,2.7
2023-01-05T18:19:48.270Z,44.1501667,-110.4986667,10.03,2.48
2023-01-05T18:02:53.156Z,24.8721,122.0543,10,4.3
2023-01-05T17:25:20.620Z,61.369,-150.1744,47,3.2
2023-01-05T17:11:36.809Z,24.8885,122.078,7.042,4.4
2023-01-05T16:14:52.204Z,66.5196,-169.7163,17.1,2.6
2023-01-05T15:27:38.782Z,14.3045,-94.0854,10,5.3
2023-01-05T14:25:52.522Z,36.4922,70.7018,193.786,5.9
2023-01-05T14:14:28.711Z,-22.8663,-68.4443,124.7,4.6
2023-01-05T13:45:38.933Z,52.2404,-174.3804,128.2,2.9
2023-01-05T12:51:44.725Z,53.8825,-35.1033,10,4.9
2023-01-05T10:00:33.030Z,33.3955,-116.393,3.82,2.59
2023-01-05T09:29:31.883Z,45.5023,-111.6946,5,3.3
2023-01-05T08:37:37.402Z,53.2047,-164.348,21.3,2.7
2023-01-05T07:53:34.200Z,42.1623,142.0916,106.185,4.3
2023-01-05T07:51:07.510Z,17.8825,-66.85,12.11,2.94
2023-01-05T07:00:46.788Z,-14.9683,166.8464,24.394,5.3
2023-01-05T06:44:55.810Z,19.229,-155.3933333,33.54,3.51
2023-01-05T05:54:37.602Z,53.8944,-165.3914,65.3,2.8
2023-01-05T05:51:25.239Z,24.1399,95.9162,12.642,4.6
2023-01-05T05:12:18.498Z,-33.7203,118.2694,10.734,4.7
2023-01-05T04:59:27.918Z,23.2178,121.5972,39.669,4.2
2023-01-05T04:27:40.309Z,37.91,101.1284,12.578,4.9
2023-01-05T04:20:29.842Z,-59.297,-23.7335,10,4.9
2023-01-05T04:19:09.314Z,-23.5332,-114.8196,10,4.5
2023-01-05T04:12:56.230Z,19.10116667,-67.93466667,50.18,3.31
2023-01-05T04:03:10.379Z,52.7054,-35.0517,10,4.5
2023-01-05T03:38:16.317Z,-10.6035,-74.8614,121.093,4.8
2023-01-05T03:37:11.840Z,17.98466667,-66.88716667,12.97,2.84
2023-01-05T02:40:15.220Z,18.4573,145.3864,288.312,4.5
2023-01-05T02:38:06.300Z,42.2625,-122.0838333,16.26,2.5300000000000002
2023-01-05T02:34:03.858Z,52.1204,-169.6426,41.594,3.9
2023-01-05T02:25:29.222Z,55.6202,-156.7679,15,2.5
2023-01-05T02:24:00.257Z,-18.9226,-177.0972,393.297,4.8
2023-01-05T01:48:32.060Z,19.40299988,-155.2879944,0.980000019,2.5
2023-01-05T01:48:31.040Z,19.39266667,-155.2796667,1.85,2.48
2023-01-05T01:35:26.061Z,2.0929,127.8829,10,4.2
2023-01-05T01:22:26.972Z,-18.3572,-177.9669,584.474,4.6
2023-01-05T01:17:09.844Z,-7.3229,128.6204,124.722,4.5
2023-01-05T01:13:27.081Z,55.0924,-156.5908,11.4,3.1
2023-01-05T01:00:32.773Z,51.6255,-176.4688,44.917,2.5
2023-01-05T00:55:21.222Z,51.6193,178.711,73.81,2.8
2023-01-04T23:46:51.216Z,60.0048,-147.4059,10.1,2.8
2023-01-04T23:23:46.337Z,-19.1636,-68.9655,126.284,5.1
2023-01-04T22:15:21.481Z,-2.5114,140.7551,10,4.4
2023-01-04T20:49:34.070Z,36.0211667,-117.7673333,1.5,3
2023-01-04T20:13:32.840Z,47.7828,152.4908,133.5,4
2023-01-04T20:03:55.689Z,38.7972,23.6294,8.805,4.4
2023-01-04T19:59:47.897Z,52.205,-170.1473,35,3.2
2023-01-04T19:42:55.170Z,-30.7607,-71.5101,35,4
2023-01-04T19:04:43.725Z,-28.4014,-178.3055,10,4.6
2023-01-04T18:32:54.568Z,-7.1158,105.1207,35,4.6
2023-01-04T17:43:01.647Z,55.9201,-155.8299,17.3,3
2023-01-04T17:38:08.130Z,18.83966667,-154.9016667,43.96,3
2023-01-04T17:03:39.066Z,3.6158,126.9023,42.509,4.4
2023-01-04T16:44:21.439Z,18.4156,-69.0763,116.913,4.3
2023-01-04T16:38:29.468Z,54.6006,-159.7453,26.027,2.7
2023-01-04T16:38:06.417Z,3.4965,126.6943,50.551,4.2
2023-01-04T16:36:22.152Z,3.5691,126.7719,49.297,4.3
2023-01-04T16:19:58.245Z,26.8335,55.1568,16.611,4.1
2023-01-04T16:10:38.330Z,65.35,-144.8121,8.1,3.8
2023-01-04T15:29:37.261Z,-23.0579,-68.9523,106.604,4.5
2023-01-04T12:16:58.315Z,-2.4959,140.7411,19.763,5.1
2023-01-04T11:59:28.871Z,-6.1707,149.1598,60.403,4.5
2023-01-04T11:52:17.457Z,63.2121,-148.9041,4.9,3.2
2023-01-04T11:40:58.781Z,31.60915019,-103.969743,8.638098145,2.9
2023-01-04T11:40:58.776Z,31.606508,-103.969597,8.496704102000002,2.8
2023-01-04T11:33:13.872Z,13.9811,145.2285,118.031,4.4
2023-01-04T11:31:37.146Z,2.4129,128.5835,73.634,4.2
2023-01-04T11:21:08.456Z,53.4894,-166.6461,89.9,2.5
2023-01-04T11:06:22.940Z,52.0376,174.8223,48.951,4.6
2023-01-04T10:55:41.706Z,61.9264,-151.3576,81.6,2.8
2023-01-04T10:40:01.804Z,42.7635,140.8293,150.971,4.2
2023-01-04T10:12:46.883Z,54.5826,-149.8362,9.835,3.1
2023-01-04T10:04:28.046Z,31.7032,73.979,10,4.2
2023-01-04T09:52:08.250Z,32.156,-116.9501667,5.56,2.47
2023-01-04T09:28:43.436Z,58.439,-153.5308,66.5,2.6
2023-01-04T09:19:05.880Z,18.175,-67.0045,25,3.09
2023-01-04T09:10:02.752Z,-2.541,140.6961,28.62,4.2
2023-01-04T08:25:39.530Z,40.384,-125.4953333,9.79,2.9
2023-01-04T07:48:51.143Z,54.4983,-163.2931,10.005,3.1
2023-01-04T07:03:36.770Z,19.18,-155.5111667,35.26,3.28
2023-01-04T06:09:22.240Z,17.9415,-66.91233333,14.77,2.79
2023-01-04T05:57:42.865Z,61.0206,-149.2313,19.5,2.5
2023-01-04T05:27:27.140Z,38.5425,-119.541,3.58,2.84
2023-01-04T04:54:42.219Z,31.69159742,-104.4890112,6.594311523,3.2
2023-01-04T04:31:07.049Z,-23.0376,-179.3436,468.324,4.5
2023-01-04T04:21:05.315Z,-10.7304,113.4073,25.287,4.6
2023-01-04T04:09:54.500Z,52.1663,-165.4001,31.6,2.6
2023-01-04T04:04:50.817Z,-2.4039,140.9103,12.013,4.6
2023-01-04T03:49:39.341Z,51.3282,-179.1681,23.9,2.5
2023-01-04T03:45:58.023Z,54.2964,-162.7457,27.8,2.6
2023-01-04T03:22:06.974Z,-1.0388,98.303,14.935,4.6
2023-01-04T03:15:53.277Z,54.0715,-164.2503,52.3,2.5
2023-01-04T02:25:04.227Z,53.94,-35.0776,10,4.7
2023-01-04T02:07:59.872Z,53.8855,-35.0411,10,5.4
2023-01-04T02:02:10.426Z,0.0685,170.0254,10,5.4
2023-01-04T01:56:17.062Z,-9.1924,159.2936,10,4.7
2023-01-04T01:39:41.454Z,-2.4752,140.7244,22.365,4.9
2023-01-04T01:27:34.517Z,-27.9547,-66.5814,171.453,4
2023-01-04T00:56:59.540Z,32.2203333,-115.2365,19.68,3.19
2023-01-04T00:46:01.840Z,36.3015,-120.4271667,13.75,2.57
2023-01-04T00:33:13.660Z,18.64733333,-66.4505,18.32,2.65
2023-01-03T23:58:40.974Z,-57.7446,-25.1755,31.656,5
2023-01-03T23:46:01.463Z,51.5836,178.6887,69.264,2.8
2023-01-03T23:31:51.353Z,42.4106,64.4461,9.855,4.4
2023-01-03T23:15:43.314Z,51.3911,179.5909,56.465,2.8
2023-01-03T23:10:43.490Z,40.0958333,-121.0003333,8.03,2.78
2023-01-03T23:10:37.505Z,54.8918,160.494,128.728,4.4
2023-01-03T22:51:44.270Z,18.72383333,-67.46833333,9.73,3.15
2023-01-03T22:36:47.340Z,41.8053333,-111.936,8.35,2.45
2023-01-03T22:33:13.777Z,-57.6212,-25.0608,24.577,4.3
2023-01-03T22:30:32.465Z,-58.5854,-25.1398,30.097,4.6
2023-01-03T22:23:50.376Z,-57.5329,-24.7122,10,4.1
2023-01-03T22:20:56.509Z,-24.1135,-66.8083,198.977,4.2
2023-01-03T22:06:01.697Z,52.3738,-176.5056,204,2.6
2023-01-03T21:52:08.522Z,-57.7447,-25.3787,33.147,5.3
2023-01-03T21:44:30.080Z,41.7943333,-111.9201667,0.79,3.19
2023-01-03T21:43:23.510Z,18.83083333,-67.43,5.22,2.85
2023-01-03T21:42:31.989Z,36.2977,21.9191,10,4.2
2023-01-03T21:36:12.330Z,32.325,-115.3311667,18.22,2.47
2023-01-03T21:27:27.555Z,31.62432781,-104.1197855,6.080151367,2.7
2023-01-03T21:20:26.577Z,-9.012,158.0908,10,4.4
2023-01-03T20:49:03.462Z,36.3063,22.0519,10,4.1
2023-01-03T20:20:31.748Z,38.3049,-30.2982,10,4.5
2023-01-03T20:12:41.800Z,55.8483,-149.2191,11.536,3.3
2023-01-03T19:23:11.088Z,60.9035,-150.5032,45.5,2.8
2023-01-03T19:07:10.429Z,50.4997,-174.9753,2.7,2.5
2023-01-03T18:19:25.469Z,0.8166,-29.2224,10,5.5
2023-01-03T18:00:46.944Z,52.1322,-172.5041,60.2,2.5
2023-01-03T17:55:44.573Z,-2.4596,140.7484,26.757,5
2023-01-03T16:39:23.020Z,-37.6369,175.6867,10,5
2023-01-03T16:00:51.977Z,-4.6561,152.5,66.53,4.6
2023-01-03T15:46:16.396Z,-2.9351,134.2411,10.49,4.6
2023-01-03T15:36:57.961Z,50.7136,-174.7971,10,2.5
2023-01-03T15:31:33.174Z,-2.8884,134.2964,9.754,4.6
2023-01-03T14:53:33.655Z,-65.4071,178.8954,10,5.6
2023-01-03T14:33:56.556Z,53.2242,-160.7722,10,2.6
2023-01-03T14:15:35.531Z,52.1285,-179.3716,144.3,2.5
2023-01-03T14:05:23.210Z,11.8178,-86.9783,57.546,4.2
2023-01-03T13:55:56.034Z,12.8244,-90.1479,10,4.6
2023-01-03T13:31:20.660Z,19.4895,-155.2671667,18.8,4
2023-01-03T13:28:38.500Z,48.3198,23.157,9.554,4.3
2023-01-03T13:21:02.133Z,52.079,-168.3708,10,3
2023-01-03T13:09:08.155Z,-65.1572,179.3624,10,5.5
2023-01-03T12:55:32.361Z,-2.4701,140.9095,24.294,5.1
2023-01-03T12:26:10.355Z,-31.5565,-69.3157,120.995,4.5
2023-01-03T12:15:31.442Z,60.1189,-150.3174,44.7,2.6
2023-01-03T11:43:10.310Z,10.3339,125.9109,57.172,5
2023-01-03T10:42:03.158Z,56.1972,-149.6953,10,3
2023-01-03T09:58:25.140Z,-40.9373,-88.1001,10,4.8
2023-01-03T09:38:12.630Z,41.7976667,-111.9216667,5.44,2.66
2023-01-03T09:32:29.183Z,-3.9307,133.2745,30.815,4.8
2023-01-03T09:01:37.404Z,-17.9368,-178.3101,612.415,4.5
2023-01-03T07:08:36.916Z,40.2638,142.5972,42.121,5.1
2023-01-03T06:57:21.716Z,58.5106,-156.2819,177.7,2.6
2023-01-03T06:52:32.448Z,53.7752,-165.4867,69.093,3.6
2023-01-03T06:45:22.840Z,40.1091667,-120.9998333,12.71,2.7
2023-01-03T06:26:25.027Z,53.4026,-166.9113,9.239,2.6
2023-01-03T05:50:12.760Z,41.8058333,-111.9253333,7.43,2.82
2023-01-03T05:24:20.070Z,18.82683333,-65.035,16.12,3
2023-01-03T04:57:30.345Z,56.0346,-161.4005,208.1,2.8
2023-01-03T04:51:43.811Z,-56.2277,-122.47,10,4.6
2023-01-03T04:32:21.424Z,-16.9179,-72.4467,63.519,4.4
2023-01-03T03:28:44.523Z,-2.5301,140.8763,35,4.3
2023-01-03T03:27:17.640Z,19.22533333,-66.50166667,22.79,3.43
2023-01-03T03:15:15.854Z,45.8784,-27.6336,10,4.5
2023-01-03T03:07:56.718Z,-20.8277,-177.8009,544.766,4.2
2023-01-03T02:45:06.086Z,51.6497,178.7377,70,2.6
2023-01-03T02:40:12.630Z,17.95783333,-66.845,18.44,2.61
2023-01-03T02:31:29.630Z,18.5491,-66.8916,5,3.46
2023-01-03T02:30:54.652Z,57.028,-147.8318,10.1,2.9
2023-01-03T02:09:54.668Z,-18.2744,-70.0159,88.136,4.1
2023-01-03T02:05:19.690Z,18.36983333,-66.343,60.2,3
2023-01-03T01:59:11.788Z,8.4265,126.6748,60.755,4.5
2023-01-03T01:44:41.492Z,-4.9837,144.3355,10,4.4
2023-01-03T01:42:26.994Z,-22.1015,170.1577,10,4.5
2023-01-03T01:20:22.265Z,42.0714,80.8577,10,4.4
2023-01-03T01:17:26.931Z,-23.4055,-174.5402,10,4.6
2023-01-03T01:07:25.496Z,3.6361,124.5139,250.613,4.4
2023-01-03T01:05:36.386Z,10.7847,95.0957,10,4.3
2023-01-03T01:01:04.070Z,35.5026667,-118.3831667,5.56,2.68
2023-01-03T00:55:23.259Z,18.9597,145.067,566.521,4.3
2023-01-03T00:27:26.197Z,31.72723056,-104.5184535,5.10324707,2.6
2023-01-03T00:22:01.686Z,10.8475,95.1111,10,4.1
2023-01-03T00:09:59.517Z,55.7896,-161.4362,186.9,2.5
2023-01-02T23:55:18.765Z,-8.0831,107.9901,62.155,4.6
2023-01-02T23:01:13.677Z,31.1635,141.825,10,5.2
2023-01-02T22:41:09.120Z,37.371,-118.368,5.96,3.06
2023-01-02T22:39:59.332Z,-2.4043,140.7873,25.018,4.4
2023-01-02T22:14:18.048Z,55.5136,162.0419,64.876,4.4
2023-01-02T22:09:38.217Z,8.4451,126.8997,35,5.2
2023-01-02T22:01:06.100Z,19.15916667,-66.522,15.3,3.21
2023-01-02T21:52:49.275Z,-7.5835,127.5134,170.482,4
2023-01-02T21:39:24.623Z,5.3792,97.0686,18.646,4.4
2023-01-02T21:37:26.317Z,40.5483,-29.3131,10,4.9
2023-01-02T21:32:50.529Z,-2.5003,140.9669,10.5,4.2
2023-01-02T21:18:27.137Z,-17.8422,-178.4887,571.691,4.3
2023-01-02T21:05:36.655Z,3.5828,127.107,41.675,4.5
2023-01-02T20:45:43.720Z,19.24449921,-155.4095001,33.83000183,2.92
2023-01-02T20:34:03.495Z,59.9725,-153.295,127.2,2.5
2023-01-02T20:11:27.551Z,10.8133,91.5951,10,4.4
2023-01-02T19:51:04.000Z,18.20283333,-67.14466667,25.6,3.19
2023-01-02T19:25:14.141Z,30.2172,-41.962,10,5.2
2023-01-02T19:06:23.434Z,35.5106,25.8532,10,4
2023-01-02T18:47:26.946Z,36.0239,139.8384,102.909,4.4
2023-01-02T18:22:46.080Z,45.97,150.8058,98.77,5.3
2023-01-02T18:08:00.218Z,9.7538,-69.6312,10,4.5
2023-01-02T17:58:13.194Z,52.3363,-168.4659,39.882,4.3
2023-01-02T16:49:49.976Z,-8.3498,112.6405,127.241,4.2
2023-01-02T16:21:21.196Z,12.6191,143.3343,69.938,4.5
2023-01-02T16:07:30.960Z,-7.0518,125.3116,489.148,4.5
2023-01-02T16:05:17.870Z,-65.2429,179.2554,10.015,4.9
2023-01-02T16:00:22.482Z,-9.0813,40.6115,10,4.3
2023-01-02T15:56:16.023Z,36.5797,142.4842,25.237,4.5
2023-01-02T15:40:37.450Z,51.8651,-175.1889,66.489,2.6
2023-01-02T15:37:15.905Z,31.8534,131.5447,47.985,4.2
2023-01-02T14:46:16.461Z,-19.9514,-174.3869,63.161,4.8
2023-01-02T13:47:30.237Z,53.8527,-164.0014,29.044,2.6
2023-01-02T13:37:26.790Z,41.8071667,-111.951,6.98,2.57
2023-01-02T13:37:09.790Z,41.8068333,-111.9213333,0.65,2.54
2023-01-02T13:18:34.349Z,-20.5016,-178.4382,570.9,4.6
2023-01-02T13:07:45.515Z,51.3249,-179.536,32.116,4.2
2023-01-02T12:50:01.945Z,52.2995,-175.8328,172.742,3
2023-01-02T12:05:35.380Z,17.98066667,-66.91666667,13.85,2.52
2023-01-02T11:54:12.247Z,36.0965,21.6896,10,4.1
2023-01-02T11:51:08.590Z,19.16066742,-155.3523407,29.54999924,2.75999999
2023-01-02T11:24:09.437Z,-31.3613,-68.2466,105.312,4.5
2023-01-02T11:24:04.950Z,17.96133333,-67.00466667,8.09,2.85
2023-01-02T10:57:53.640Z,19.14566667,-67.251,32.02,3.09
2023-01-02T10:39:59.892Z,5.4736,97.1091,10,5.1
2023-01-02T10:36:41.974Z,60.2614,-153.429,159.2,2.7
2023-01-02T09:57:56.032Z,16.4131,-95.1513,80.334,4.1
2023-01-02T09:15:08.050Z,18.98283333,-67.18883333,16.43,3.3
2023-01-02T09:06:44.837Z,31.68706615,-104.413051,6.080151367,3.2
2023-01-02T09:01:08.512Z,51.4217,-177.8996,26,3
2023-01-02T08:59:42.100Z,40.5218333,-124.394,18.54,2.54
2023-01-02T08:59:42.014Z,-6.6864,144.5568,45.287,4.9
2023-01-02T08:59:01.467Z,31.6774117,-104.4135009,7.005639647999999,2.8
2023-01-02T08:49:35.846Z,43.4289,-127.1909,10,3.9
2023-01-02T08:47:45.596Z,43.3825,-127.7533,10,3.4
2023-01-02T08:34:58.740Z,18.1705,-67.0625,27.06,2.48
2023-01-02T08:34:07.047Z,41.1992,140.2131,153.502,4.1
2023-01-02T08:32:22.725Z,52.6305,-168.9702,61,2.7
2023-01-02T08:27:17.546Z,59.929,-151.5805,65.8,3.1
2023-01-02T08:12:28.607Z,35.7262,25.8468,10,4.3
2023-01-02T07:42:32.356Z,59.8343,-153.4076,128,2.7
2023-01-02T07:29:24.150Z,17.87983333,-66.958,7.72,3.14
2023-01-02T07:20:27.157Z,40.4442,-29.3723,10,5.3
2023-01-02T07:10:12.879Z,40.5898,-29.3734,10,4.7
2023-01-02T07:03:01.824Z,52.8653,-162.1872,26.2,3.3
2023-01-02T07:01:23.740Z,17.96616667,-67.00916667,9.16,2.66
2023-01-02T06:56:51.300Z,17.94633333,-67.0085,10.55,2.88
2023-01-02T06:55:06.060Z,17.9633,-67.0076,9,4.1
2023-01-02T06:51:59.485Z,63.1493,-150.4226,106.5,2.6
2023-01-02T06:45:13.157Z,-24.0926,-66.9163,193.623,4.5
2023-01-02T06:11:48.350Z,17.94966667,-66.91666667,15.7,2.48
2023-01-02T05:48:21.202Z,-59.74,-25.8967,10,4.7
2023-01-02T05:28:08.194Z,36.4337,21.8037,40.846,4.6
2023-01-02T05:25:47.275Z,-22.3471,-179.5541,556.877,4.6
2023-01-02T05:20:35.827Z,41.9421,142.5841,70.086,4.4
2023-01-02T04:57:01.501Z,54.157,-164.3023,10,2.8
2023-01-02T04:52:51.380Z,52.1995,-168.2191,27.105,3.8
2023-01-02T04:21:34.794Z,27.5974,90.3069,35,4.4
2023-01-02T04:15:00.130Z,17.94783333,-66.9085,12.69,2.8
2023-01-02T04:06:03.396Z,54.4969,-159.5794,36.047,2.6
2023-01-02T03:48:31.481Z,50.6602,-175.2714,10,2.8
2023-01-02T03:43:18.827Z,52.2686,-168.4544,35.262,2.9
2023-01-02T03:40:14.836Z,52.1725,-168.2849,25.816,2.9
2023-01-02T03:27:29.148Z,9.3909,126.0204,10.004,4.4
2023-01-02T03:20:18.170Z,33.3975,-116.3898333,3.36,2.61
2023-01-02T02:14:44.802Z,10.5549,-62.3692,89.663,4.4
2023-01-02T00:50:10.984Z,52.3274,-168.3055,28.684,4.3
2023-01-02T00:47:22.321Z,-7.7534,123.2862,248.701,4.4
2023-01-02T00:22:05.645Z,6.8279,-73.0877,153.952,4.3
2023-01-01T23:59:32.846Z,-2.4906,140.7278,35,4.2
2023-01-01T23:56:53.930Z,19.3601,-65.7256,34,3.62
2023-01-01T23:27:38.392Z,37.0501,135.2338,368.953,4.3
2023-01-01T23:10:09.024Z,-6.1642,130.3662,110.639,4
2023-01-01T23:01:29.036Z,-4.5724,151.7111,151.332,4.4
2023-01-01T22:31:16.570Z,18.3643,-68.3946,78,3.81
2023-01-01T22:19:27.780Z,-19.0542,-177.6062,496.363,4.4
2023-01-01T22:17:09.750Z,52.1341,-170.3181,25.6,2.7
2023-01-01T21:59:00.724Z,38.0399,72.3573,117.822,4
2023-01-01T21:55:08.183Z,31.3366,140.9507,56.524,4.5
2023-01-01T21:32:44.421Z,-21.3126,-67.2105,201.911,4.4
2023-01-01T21:24:15.849Z,29.7295,70.1934,10,4.3
2023-01-01T21:23:47.177Z,31.68425514,-104.421101,6.131567383,3.3
2023-01-01T20:10:32.239Z,18.7635,145.3291,305.991,4.4
2023-01-01T19:37:16.273Z,15.7604,-92.0924,203.319,4.6
2023-01-01T19:35:38.108Z,-3.4567,131.0209,10,4.5
2023-01-01T19:03:06.178Z,2.0751,128.135,153.78,4.3
2023-01-01T18:55:09.666Z,40.6042,-29.1424,10,4.7
2023-01-01T18:35:04.510Z,40.409,-123.971,30.63,5.35
2023-01-01T18:34:14.740Z,19.14016667,-156.197,38.49,3.77
2023-01-01T18:26:42.715Z,-56.2046,-123.4337,10,5.8
2023-01-01T18:24:29.990Z,-2.5298,140.8085,14.759,5.5
2023-01-01T18:20:53.014Z,-60.8195,-51.0213,11.175,4.7
2023-01-01T17:58:51.144Z,-13.8607,166.5156,10,4.6
2023-01-01T17:12:32.050Z,19.17149925,-155.4591675,30.67000008,2.49000001
2023-01-01T16:47:16.880Z,32.6028333,-117.9698333,5.95,2.65
2023-01-01T16:40:44.390Z,51.3757,-176.4761,23.3,2.6
2023-01-01T16:28:26.753Z,31.71729206,-104.2797612,7.10847168,2.6
2023-01-01T16:24:26.828Z,-25.1974,178.5519,595.75,5.3
2023-01-01T15:36:56.796Z,52.1881,-168.2389,39.6,2.5
2023-01-01T15:10:10.297Z,51.2157,-176.2718,15.4,2.5
2023-01-01T14:45:43.943Z,52.4038,-168.3947,35,3.4
2023-01-01T14:43:24.061Z,51.1134,-176.2466,12.6,2.6
2023-01-01T14:41:34.050Z,49.7205,150.7358,390.141,4.1
2023-01-01T13:18:26.427Z,52.2581,-168.2943,35,3.4
2023-01-01T13:10:58.520Z,17.9275,-66.9091,14,3.58
2023-01-01T13:02:57.719Z,36.6979,76.9588,97.9,4.3
2023-01-01T12:29:07.036Z,63.5602,-149.8164,109.4,2.5
2023-01-01T12:18:59.438Z,-23.0757,-68.9208,106.605,4.9
2023-01-01T10:44:46.322Z,10.069,126.5571,33.676,4.3
2023-01-01T10:35:06.137Z,18.6319,120.9637,46.019,4.4
2023-01-01T10:33:51.640Z,40.5551667,-124.0075,22.18,2.46
2023-01-01T10:09:37.830Z,18.2065,-67.11733333,21.88,2.95
2023-01-01T09:07:25.940Z,35.8168333,-121.3523333,3.74,2.6
2023-01-01T09:06:48.150Z,17.9266,-66.9146,14,3.81
2023-01-01T09:04:40.710Z,17.83033333,-65.9855,10.92,2.78
2023-01-01T08:58:03.190Z,17.98233333,-66.99933333,12.94,2.53
2023-01-01T08:47:06.399Z,23.9374,122.5711,31.485,4.1
2023-01-01T08:33:24.109Z,52.4985,-166.8818,23.98,2.6
2023-01-01T08:32:16.464Z,52.6145,-166.9988,18.2,3
2023-01-01T08:29:03.421Z,-6.2336,154.7485,131.681,4.1
2023-01-01T08:26:08.383Z,52.557,-166.9914,29.532,3.6
2023-01-01T07:03:01.555Z,-58.8341,-25.5621,38.411,5.2
2023-01-01T06:49:10.190Z,36.595,-121.2063333,7.74,3.9
2023-01-01T06:39:45.239Z,36.5351,70.8869,181.449,4.7
2023-01-01T06:24:46.403Z,-15.1473,66.7962,10,4.2
2023-01-01T06:19:31.410Z,36.5958333,-121.2001667,8.14,3.14
2023-01-01T05:37:17.016Z,51.461,-177.4797,33.99,3
2023-01-01T05:37:05.794Z,2.4752,128.6389,231.588,4.1
2023-01-01T05:27:09.979Z,17.4535,93.4248,39.85,4.7
2023-01-01T05:18:17.780Z,40.7038333,-124.2061667,18.47,2.7
2023-01-01T05:02:46.402Z,-15.3219,-174.8756,255.47,4.1
2023-01-01T04:54:53.914Z,-19.0419,-177.5423,556.99,4.1
2023-01-01T04:50:17.626Z,19.2687,-155.4225,37.317,2.8
2023-01-01T04:29:13.899Z,53.3976,-166.9222,10,2.9
2023-01-01T04:09:32.814Z,-4.7803,102.7675,63.787,4.3
2023-01-01T03:29:31.070Z,19.1631,-66.5251,24,3.93
2023-01-01T03:16:19.143Z,-6.7291,155.1904,78.829,5.4
2023-01-01T02:12:57.668Z,44.3695,-115.2008,10,2.5
2023-01-01T01:41:43.755Z,7.1397,126.738,79.194,4.5
2023-01-01T00:49:25.591Z,51.9588,178.543,73.4,2.9
2022-12-31T23:54:50.528Z,52.8979,-166.7308,35,3.4
2022-12-31T23:04:12.784Z,-16.5378,-69.68,196.743,4.9
2022-12-31T22:44:55.690Z,-17.7425,-179.8277,628.095,4
2022-12-31T21:14:58.931Z,62.4049,-151.1547,6.6,3
2022-12-31T21:00:24.164Z,51.29,-176.0293,10,2.6
2022-12-31T19:55:16.113Z,2.1748,126.7058,45.928,4.4
2022-12-31T19:49:41.679Z,28.7228,76.6313,10,4.1
2022-12-31T18:54:49.348Z,-52.5784,28.0139,10,4.5
2022-12-31T18:28:42.819Z,-10.2389,66.5344,10,4.6
2022-12-31T18:24:28.008Z,12.2014,-89.0001,10,4.3
2022-12-31T18:05:57.515Z,-16.4228,-173.3672,65.164,4.7
2022-12-31T18:04:14.065Z,-23.6424,179.5146,577.986,4.5
2022-12-31T18:01:20.296Z,-18.1498,-178.1344,524.588,4.5
2022-12-31T17:57:17.820Z,40.5213333,-124.4023333,18.87,2.75
2022-12-31T17:43:00.143Z,51.962,-176.5072,123.136,2.9
2022-12-31T17:39:53.477Z,53.0816,-166.0285,38.552,3.6
2022-12-31T17:05:40.098Z,33.5482,48.3346,19.314,4.1
2022-12-31T16:29:20.260Z,45.1006,151.5903,10,4.4
2022-12-31T15:45:51.231Z,4.9172,125.1619,277.283,4.3
2022-12-31T15:38:53.718Z,15.2514,-93.2921,76.076,4.7
2022-12-31T15:24:22.787Z,12.16,143.7703,10,4.7
2022-12-31T15:10:38.177Z,-16.691,-173.5718,10,4.9
2022-12-31T13:31:34.760Z,17.99533333,-66.72733333,12.45,3.19
2022-12-31T13:11:58.390Z,19.24616623,-155.3771667,29.39999962,2.61999989
2022-12-31T13:06:11.476Z,-18.4964,168.3801,53.395,4.6
2022-12-31T13:00:07.734Z,65.5781,-170.9069,34.8,3.3
2022-12-31T12:50:12.454Z,-58.013,-25.6511,63.867,4.6
2022-12-31T12:47:57.842Z,-32.2686,-71.5625,48.3,4.5
2022-12-31T12:36:42.744Z,56.408,-148.8448,10,2.9
2022-12-31T12:12:26.650Z,33.3975,-116.3933333,3.88,4.14
2022-12-31T11:41:09.460Z,34.3556667,-116.9218333,4.73,3.47
2022-12-31T11:34:19.044Z,-8.433,127.3737,27.282,4.1
2022-12-31T10:59:32.926Z,51.7158,-174.7728,46.26,2.9
2022-12-31T10:17:46.581Z,-5.7675,148.0193,10.453,4.5
2022-12-31T09:34:13.719Z,-19.6814,-178.1604,582.1,4.8
2022-12-31T09:18:30.970Z,40.5391667,-124.3166667,17.7,2.64
2022-12-31T09:02:23.470Z,38.4573333,-122.015,18.5,2.76
2022-12-31T08:52:44.000Z,55.3011,-35.318,10,4.2
2022-12-31T08:52:11.169Z,35.85383333,-97.18883333,7.51,2.61
2022-12-31T08:17:00.550Z,18.94283333,-64.48983333,23.39,2.75
2022-12-31T08:03:57.000Z,18.13283333,-67.04333333,16.8,2.98
2022-12-31T07:07:30.630Z,19.22483253,-155.4154968,33.06999969,2.53999996
2022-12-31T07:05:53.983Z,37.1379,-1.8845,9.693,4.2
2022-12-31T07:05:42.540Z,67.1636,-169.5751,20.4,2.5
2022-12-31T06:37:56.410Z,35.7735,-121.4815,3.18,2.66
2022-12-31T06:13:27.075Z,54.8937,-160.2952,39.134,4.6
2022-12-31T03:31:43.830Z,-23.1036,-68.8969,96.224,5.1
2022-12-31T03:27:38.307Z,19.1089,146.1845,89.055,4
2022-12-31T03:02:30.720Z,19.19350052,-155.4875031,31.84000015,3.04
2022-12-31T03:01:44.529Z,29.2989,130.4746,35.861,4.5
2022-12-31T02:57:45.436Z,51.9258,-176.0087,233.3,2.9
2022-12-31T02:57:45.036Z,53.8047,-176.6932,10,3
2022-12-31T02:43:08.351Z,54.2626,-164.5288,14.698,3.1
2022-12-31T02:08:02.347Z,-52.7278,27.7365,10,4.9
2022-12-31T01:10:16.709Z,53.9943,-164.9753,63.188,2.5
2022-12-31T00:56:11.261Z,51.6229,178.665,71.451,3
2022-12-31T00:43:57.999Z,-1.7451,-77.7617,182.543,4.3
2022-12-31T00:37:10.533Z,61.8745,-150.477,62.4,2.6
2022-12-31T00:35:20.146Z,62.1608,-141.2766,1.3,2.5
2022-12-31T00:32:51.895Z,-26.5056,-114.8537,10,4.6
2022-12-31T00:22:19.573Z,59.8194,-162.5468,8.7,2.9
2022-12-31T00:16:27.450Z,18.61833333,-66.81016667,71.25,2.77
2022-12-30T23:52:34.951Z,34.5971,24.9455,10,4.1
2022-12-30T23:31:10.951Z,-6.1042,146.2693,35,4.3
2022-12-30T23:15:14.464Z,-33.7403,57.5622,10,4.4
2022-12-30T23:14:37.589Z,-0.1974,97.3179,10,4.4
2022-12-30T22:55:16.050Z,18.07316667,-67.09833333,18.39,3.03
2022-12-30T22:45:46.147Z,-52.9992,28.4258,10,4.5
2022-12-30T22:42:12.588Z,52.4365,160.3532,35,4.7
2022-12-30T22:35:25.866Z,-24.0267,-67.1397,232.941,4.5
2022-12-30T22:31:24.340Z,17.93733333,-66.86866667,17.04,2.9
2022-12-30T22:04:03.090Z,42.06666666666667,-120.4306667,2.82,2.48
2022-12-30T21:56:17.368Z,55.4322,-158.3426,16.4,2.6
2022-12-30T21:54:04.944Z,-11.3136,166.5204,129.931,4.9
2022-12-30T21:53:29.889Z,-14.9903,-75.7546,11.94,5.2
2022-12-30T21:52:17.310Z,54.5228,-160.8553,35,2.8
2022-12-30T21:26:53.520Z,17.96183333,-66.89883333,8.96,2.7
2022-12-30T21:10:38.996Z,1.079,97.0653,27.348,4.2
2022-12-30T21:08:26.514Z,51.6138,178.7595,74.791,3.1
2022-12-30T21:02:26.926Z,-52.6851,27.8042,10,5.2
2022-12-30T20:22:30.507Z,67.1276,-170.0193,33.2,2.8
2022-12-30T20:16:24.949Z,18.7532,145.283,248.806,4
2022-12-30T19:43:20.172Z,53.4573,-163.5384,35,2.7
2022-12-30T19:40:28.897Z,51.4896,178.6419,67.383,3
2022-12-30T18:49:25.070Z,18.6438,-67.0435,108,4.18
2022-12-30T17:49:49.480Z,19.20366669,-155.4111633,32.40999985,3.11
2022-12-30T17:47:13.752Z,51.6551,178.707,70.327,2.9
2022-12-30T17:43:01.113Z,-5.0236,-77.3878,123.83,4.3
2022-12-30T17:38:12.520Z,17.95033333,-66.96333333,10.34,2.65
2022-12-30T17:06:47.090Z,51.7574,178.6153,99.462,3.1
2022-12-30T16:56:59.706Z,53.979,-164.8748,66.251,2.6
2022-12-30T16:44:45.298Z,26.9033,141.4839,12.646,4.4
2022-12-30T15:35:50.145Z,18.2323,-103.3504,32.476,4.7
2022-12-30T15:35:13.580Z,-23.1339,-175.2723,10,4.8
2022-12-30T15:26:11.781Z,51.7218,-176.8699,75.081,3.7
2022-12-30T14:10:06.152Z,36.1139,139.8576,56.826,4.4
2022-12-30T14:08:16.100Z,-26.0535,-179.7577,465.778,4.3
2022-12-30T13:28:26.243Z,51.7163,-177.3654,77.811,2.6
2022-12-30T13:14:47.346Z,52.8194,-170.8001,87.335,2.9
2022-12-30T12:28:38.300Z,19.24166679,-155.3861694,28.53000069,2.54999995
2022-12-30T12:19:20.383Z,61.0056,-150.0933,36.6,2.8
2022-12-30T12:10:45.211Z,-7.9548,128.8795,35,5
2022-12-30T11:44:05.103Z,22.1303,143.5299,139.615,4.2
2022-12-30T11:29:19.345Z,0.9992,124.4147,215.053,4
2022-12-30T11:00:19.549Z,29.2691,130.3861,38.774,4
2022-12-30T10:51:11.058Z,53.4129,-165.118,35,2.5
2022-12-30T10:15:02.340Z,18.85083333,-65.03066667,13.18,3.07
2022-12-30T09:42:09.278Z,-21.8971,-174.7611,22.64,5.4
2022-12-30T08:13:20.446Z,21.917,94.4673,99.728,4.2
2022-12-30T08:09:09.064Z,55.097,-157.6129,25.8,2.6
2022-12-30T08:01:51.097Z,55.8552,-159.2696,71.4,2.5
2022-12-30T07:28:41.620Z,51.4146,-176.0902,35,3.7
2022-12-30T06:47:45.290Z,-0.1964,97.2636,16.955,4.6
2022-12-30T06:27:34.018Z,50.5818,153.4522,220.634,4.1
2022-12-30T06:10:23.444Z,53.9955,-164.2715,35,2.5
2022-12-30T06:04:31.525Z,-34.0651,77.7691,10,4.8
2022-12-30T05:19:44.350Z,0.8108,99.7314,152.994,4.2
2022-12-30T05:19:18.616Z,-45.8405,-76.402,12.929,5.3
2022-12-30T04:57:20.274Z,60.6937,-43.9886,10,4.6
2022-12-30T04:33:52.652Z,-7.0561,102.806,10,5
2022-12-30T04:16:55.929Z,-0.2207,97.3016,10,5
2022-12-30T03:53:27.720Z,3.7982,97.7095,56.501,4.6
2022-12-30T03:48:49.260Z,17.94183333,-66.9585,9.77,2.47
2022-12-30T01:49:19.108Z,-27.6295,-70.1708,91.899,4.5
2022-12-30T01:45:16.195Z,36.6977,71.4086,181.299,4.2
2022-12-30T01:19:39.630Z,18.8496,-64.6375,11,3.77
2022-12-30T00:17:18.372Z,63.9644,-147.4612,10.5,3
2022-12-29T23:58:58.929Z,-56.8827,-24.7879,10,4.2
2022-12-29T23:26:47.453Z,-0.2127,97.3082,10,5.3
2022-12-29T23:03:35.160Z,37.6516667,-119.3848333,7.88,2.61
2022-12-29T22:48:13.804Z,14.6756,144.3595,10.981,4.3
2022-12-29T22:38:30.849Z,62.0817,-149.4858,43.8,2.5
2022-12-29T22:26:39.858Z,-57.6536,-27.3016,10,4.2
2022-12-29T22:12:33.990Z,18.4691,-68.729,121,4.11
2022-12-29T21:12:44.670Z,18.01566667,-65.38683333,18.66,2.51
2022-12-29T21:11:57.223Z,36.3156,22.1126,10,4.1
2022-12-29T20:30:24.927Z,54.8878,-164.7573,135.427,2.6
2022-12-29T19:25:26.640Z,50.0676,-179.3937,10,3.9
2022-12-29T18:34:38.330Z,17.98016667,-66.94483333,9.73,2.82
2022-12-29T18:18:32.432Z,-30.7743,-69.0394,118.128,4.4
2022-12-29T17:44:23.738Z,-30.3962,-177.5678,24.228,4.4
2022-12-29T17:17:29.200Z,40.5995,-124.0883333,17.5,2.54
2022-12-29T16:52:35.854Z,2.0797,127.1383,104.677,4.9
2022-12-29T16:51:34.385Z,-18.8754,169.2904,245.491,4.6
2022-12-29T16:29:32.989Z,53.2558,-164.1594,35,2.6
2022-12-29T16:16:45.340Z,36.2561667,-119.7006667,23.43,2.47
2022-12-29T16:02:04.296Z,59.6021,-152.3368,57.8,2.5
2022-12-29T15:58:02.340Z,19.25,-155.3925,32.59,2.55
2022-12-29T15:57:04.230Z,6.2459,126.3208,126.906,4.6
2022-12-29T15:11:01.069Z,39.4033,15.2604,16.056,4.5
2022-12-29T14:28:45.940Z,53.9026,-161.2893,10,3
2022-12-29T13:35:53.155Z,-3.0421,127.7816,45.282,4.4
2022-12-29T13:13:36.794Z,6.2316,126.1831,140.887,5.2
2022-12-29T12:38:53.696Z,39.4135,15.1807,10,4.2
2022-12-29T11:23:16.650Z,18.57616667,-65.66083333,35.36,2.81
2022-12-29T11:22:54.356Z,11.6895,140.9697,10,4.6
2022-12-29T10:54:13.605Z,31.60763256,-104.5322869,8.033959961,2.8
2022-12-29T10:35:44.735Z,-19.2254,-177.3468,572.65,4.3
2022-12-29T10:22:18.190Z,19.32883333,-155.1336667,2.67,2.83
2022-12-29T10:21:55.380Z,19.329,-155.1281667,5.82,2.54
2022-12-29T08:07:52.147Z,-7.1715,122.4614,10.067,4.5
2022-12-29T08:01:10.923Z,30.5427,-42.1938,10,4.4
2022-12-29T07:07:57.101Z,20.4783,144.4787,10.599,4.2
2022-12-29T06:42:22.464Z,51.5135,-178.1443,31.847,2.7
2022-12-29T06:10:50.954Z,-23.4737,-176.8245,95.838,5
2022-12-29T06:01:13.969Z,62.9812,-150.8103,105,2.5
2022-12-29T05:47:48.120Z,17.98133333,-66.85466667,13.11,2.55
2022-12-29T04:43:15.986Z,14.022,145.5894,65.332,3.9
2022-12-29T04:21:23.073Z,55.3979,-156.5694,20,2.7
2022-12-29T04:19:50.624Z,18.8464,-74.1911,10,4.3
2022-12-29T04:08:48.305Z,-19.0252,169.4274,238.171,4.5
2022-12-29T03:47:10.419Z,52.3007,-173.3426,89.291,3.6
2022-12-29T03:29:07.870Z,18.20766667,-67.1275,24.15,2.92
2022-12-29T02:48:58.378Z,60.3744,-140.4267,10,2.5
2022-12-29T01:46:07.336Z,13.2126,143.917,94.18,4.2
2022-12-29T01:29:41.079Z,-28.3068,-177.2377,66.217,4.3
2022-12-29T01:16:46.316Z,29.2893,130.4675,35,4.4
2022-12-29T00:48:56.583Z,29.216,130.5579,35,4.5
2022-12-29T00:37:09.287Z,-18.7419,-177.5917,622.502,4.6
2022-12-29T00:36:03.050Z,29.208,130.6175,30.539,5.1
2022-12-29T00:24:21.656Z,58.1557,-152.4644,42,2.9
2022-12-29T00:23:06.284Z,35.0836,14.2162,10,4.4
2022-12-29T00:16:18.980Z,40.5875,-124.0901667,22.1,2.97
2022-12-28T23:29:50.445Z,-30.2668,-179.8306,407.538,4.1
2022-12-28T23:14:39.073Z,50.5896,-173.54,10,2.8
2022-12-28T23:05:27.884Z,31.01901666,-103.2715638,4.023510742,2.6
2022-12-28T22:50:11.288Z,36.5728,70.9592,202.082,4
2022-12-28T22:26:15.077Z,44.1862,140.7171,10.105,4.3
2022-12-28T21:46:37.470Z,52.1401,-175.7206,147.37,3.1